"date","token_address","wallet_address","sol_drained","tx_hash_buy","tx_hash_sell","victim_wallet_address","victim_amount_in","victim_tx_hash","slot","timestamp","source","lp"
"2025-02-27","EevQnfEtLn7Y4jgpPvb4Faqqvo59wVwmUeKfYMwDpump","GHPCChGqtKf4sFaN1wPPCapcweKXBBngB3hF7D6nT29e","804697852","3hpPrkCdpbkBeRE1MjdCQ8VXugE54TkgKtuhiMzohZ9EGHfWEhPs1GGo2Tzmh9xUKy6vtRvgzWwCQQMfoMFK3XW8","5ToHLywTGLe1eKxYqX9vTsxnyu4NLfin5ekUPHUsnm6KTBTfKtsQ679QiBUCV1QsN34of5ehCYdtv9Kc49xiiyFY","EvyqFNBU1SyruF1pZFee7dkkJxuJC45U7wiBsvSd1MoR","3000000000","12AEuREdvM6cbSpePpW9na7UVrPmcUv3C5ijvWxT6wHEcSayD5fAG8vnQeDnhRWYBysgRCuaQBEPzwEs7SF64cdn","323503618","2025-02-27 20:10:43+00","raydium","4rYn47NEdtgwMstBGSnssLW14BhTV8qV5zt1D77X7Yi6"
"2025-02-27","5UEh2Mpb2ryCCDXiWVV6ueJTP26i63PQHzv6zkwpump","GHPCChGqtKf4sFaN1wPPCapcweKXBBngB3hF7D6nT29e","1637787","32PGkKrB9vURgC1fWPUsRV4eguodsMGDmNUxvRTTwJf8KvRWaDuP3D7qQP1D6xnq9pUwZqjsKbS84RZddEJdzv3Q","5zyZxmPgJfLHeCTQzgHJwFbGdRqKzmU9rnNWzhxDnvQXjsd43ifJAi8CE3WiUsePrbHZZVQ6DGPcKJVMmFRaRr4f","5Hs9MubDwR3x3cSZFdP5FgPJgEYuqRGrSRdEJ8F5cR3r","900000000","tHJkUED6fARYYVavELwafhidvhtEZjSAFEphWYY4oAU3UbgikuJUmjY6VdQxk7uKobv34xjEU5LDjcubGSNyYw6","323503618","2025-02-27 20:10:43+00","raydium","3j9fXiNBFN8zecV1kTdpR5Wn66D4qmqkjv4MAKvED6hS"
"2025-02-27","9f7ckpGmyg637DaikEA9Da4mkkvBKcJoFBtDnR1pump","GHPCChGqtKf4sFaN1wPPCapcweKXBBngB3hF7D6nT29e","947297","2bGVZaDqXTGaXUTmYBoLXpnrZXPhsCxbmMPg4TxXijT7XCq2UPLjLQ7hDcMTs5UUxeeq4y43oafwa5xo1rBkT3Va","2Vye4rLZHCHtk7kuMLw6SMkkxy9mbcpmVa1M1GwQQZNhxBtFzArz7JiNuSDSnDhrwb7X7ZcyGUjQWbcL9mztixTr","2RP9n3cJNNFb5AgRzUAAt53c1y9LgGiGeLzTt9svBaLe","300000000","62XX67CrnzH48xugTTeaFqQKd1a5Vbm5SbwLycSowXfPbiAyyhrc2qfhBefjvrJbzGgCAoLJ9mRRpG4KTYdk3mRh","323503618","2025-02-27 20:10:43+00","raydium","Hb9Wb5Wp3SWuegwvQg16uBPautt6kFaetWjQkZBEoaqB"
"2025-02-27","uiXhY5xcmeY8HbHZbd8N5cEBw7M3zgcHYse4V5epump","GHPCChGqtKf4sFaN1wPPCapcweKXBBngB3hF7D6nT29e","468932115","fRC9nBmkNeGvwbD6HYDQPjBjY1PnAo9uVdN6T4NQv49SFrnzckRPQjTR8ErdykonDp4NakzEtam9ji3z8sMZoph","4gXbtWsAFk5b6jEDCksZysiuZPHNcod9sFbe4t9xAoCbK6d1RQywRoAsi6fL5aRMXhe6uwVUvgd8nVQvDGFbRdW2","BcqsbN1s9NYhXwUKfYzzz8H56XibCu8SLvfEhoPJWSuJ","1500000000","4Eae8oq2Z4UfpJyZQGgE7gFgJGELgFVkPmYzRZ4GhuK9WC3aUc3KCm3FrW1yu2HSS454ZYsaeELYMGRYzvsmiJRC","323503618","2025-02-27 20:10:43+00","raydium","BCii839f5huLdQtzQcFpvVrv6qbTizkKr2G9uPrQTGkg"
"2025-02-27","uiXhY5xcmeY8HbHZbd8N5cEBw7M3zgcHYse4V5epump","GHPCChGqtKf4sFaN1wPPCapcweKXBBngB3hF7D6nT29e","222606933","YXta5mbAYyAVgtRxt2Gznt2xLkccBJWeu5HmBMCyWkiDSL5rWVK86sQWBuAzhRJo8MKUe9q3Dq8sLHStammC7Bs","54jqSyHw9yyNAnf2SW1oFN7M1uKLPtkYCM1UXn3ErrK5xo1dxR22stjiZmw8JeAqCMKYDAeWyp9jT3hipL9sHnn","EqpVnZ8ppSwgqXDoXcpb9KLndSaSj75cgaQD8H7Adqrm","1000000000","4qwvsbTSXeNip49A46dayWEEQVhEaz2azGYi5jFHN4J9Zwh4KEBMU3PUsPYGwx3RHt9QpW6734WLhwUE1imr4yDh","323503618","2025-02-27 20:10:43+00","raydium","BCii839f5huLdQtzQcFpvVrv6qbTizkKr2G9uPrQTGkg"
"2025-02-27","uiXhY5xcmeY8HbHZbd8N5cEBw7M3zgcHYse4V5epump","GHPCChGqtKf4sFaN1wPPCapcweKXBBngB3hF7D6nT29e","221090355","5Yrfgdyy81bHUDKZAJN3hvaEaucfKLLvwG2YgCMB4MpAAHqhVxPmT3hxYpSG2BeXA8T7CTUFiapoJbwQpmSWW2ia","2yRKZrzDQZkfjpWsYs6oSiZMZXKMJpKkah7kaMy5yRM1WbYCQYo2wmHDyYKVSh6njth1urNjJjXBuSAHQJ5TtXXj","271NyiDhm5itE6NChjfN432NUjZqTfDZzsHwZVmS63cX","1000000000","3re2zen9WLhs5hCd5FeMjy2yrMSurcCYbtMh8u1F7MM9EfD8bz8ufMtjwZNQpRZWgkte5owYM24cDnHhLJbejy2N","323503618","2025-02-27 20:10:43+00","raydium","BCii839f5huLdQtzQcFpvVrv6qbTizkKr2G9uPrQTGkg"
"2025-02-27","EzM1VsU1NTDjFfxwmGR4vk95UsVjktHQsnd26zqBpump","GHPCChGqtKf4sFaN1wPPCapcweKXBBngB3hF7D6nT29e","44226752","5E6gvA1dT3mjLtmFxJei1JndyC64zJyTR7YokhqtK6T4CLJjUeLpSyqMxrfhg1SehW4Vp1iuvJwBFbQTRFRc3xFR","26KDwYXGcaKmDpWAHuxqdybM9Ap2KVCGdhbjUCGEVD8u1U3q4CdniuU9pzPYsFvRyyQqJ8fre14ZWa6prbnmAV4c","51jtakta3Svyx2oP1DpH5cns3nTHcx21mcmDh8PwN6xT","297000000","3KSzLCYMuU3nAhdBNmfKPRRh68YZ9RJhPEfGdmi6bTDeghtcHNtMnVor7bTRGckW8LjxHxhBxSEKekSjxHaozyQD","323503618","2025-02-27 20:10:43+00","raydium","ByWcfFuXyvzjNwdhAhUKDUDkRqi7RpYde1TJsBpfNhVS"
"2025-02-27","EEbd8rgduEHSQnUfS3oopi4CmyTXprdH3pxAEvbwpump","GHPCChGqtKf4sFaN1wPPCapcweKXBBngB3hF7D6nT29e","95049447","56ekdEZAfbieswKMXJVBfcTDhrMyRHR59WUGu5moAm28nEE79FWfx6pU8A1mq6gCc54pqH7fWGWZKX8N7Z3kyncJ","66g9H32caxemYDv1xpERRwLxPhpVRbEcDstxnQVmzxrVnmEjdcbSibyq3M7ZRuS2XzsdChfJh4sH6NJAiYRGWtPb","4xY5ejAeB8XS2zKbHwvXdMjxS2dwqPpd9iond8j1YApp","1295049448","5z1NULafCfQkWrWHhfZhsQWcpZawkYdFAYN1hcEWmL9RYABYVQ3tPLzHMj6ZAxLsHUDoStei9FFr4nsM33RtafSo","323503618","2025-02-27 20:10:43+00","pump","FYZ9xWxzKyU9bAXeJUWnKsSj38egvWWgwxsocu3CAhiX"
"2025-02-27","EEbd8rgduEHSQnUfS3oopi4CmyTXprdH3pxAEvbwpump","GHPCChGqtKf4sFaN1wPPCapcweKXBBngB3hF7D6nT29e","40881899","M8Lfs3zCvyyPTsKhY7Qv3iPhPJeKrP4viMoi6uNXcpkfyYeaLs2PkAWXuhYDHBkdGbUfjxC2HcR2SrQSqDobnso","4A7mv2i3MBtgDXoCu6r2T1X6Xp3c23DsVn8Hne9T7YZW5WE6aMeQpWhtitarfRo58ReCjJbeuLrKeKhuuE4Yq5ko","5GRffwefgYJUbQg7MrLhmSQRDZ6DssmvBkHtDiLuBZAD","1618811796","3i2ND47TmK6YsCtq767TyEM5aGLprwij2qYbcBECWftXWXdkxVX8g8hTodqLzCczfHNyqVUbHTzK9eHvdG4KrNas","323503618","2025-02-27 20:10:43+00","pump","FYZ9xWxzKyU9bAXeJUWnKsSj38egvWWgwxsocu3CAhiX"
"2025-03-11","Ta7xrAK8DnNeCS71NzyH1MkVEpy28DcPx5LPPPQpump","4vJfp62jEzcYFnQ11oBJDgj6ZFrdEwcBBpoadNTpEWys","10971841","4mNpoyHLYBozj2JE4hpizSDzCAjaa2N4gqfpL5rXft2cYPnaqD5QtpTw6HusyFPjBY64Aenx3xDxhCjShvPH1TwV","2MEJZuYYguSDk6cSMGnD9WY7b5moNWLBKDwRiJhnoMqSAJRkybfRK2uFxFRGVNABwMRTFGSNAq5bFdjcJ7w6HmZ6","6bHHyH8tBuk8eynvWyxF4PuZD3kg2PWm7yo8MMbSz4Ak","1262482962","53yBGP4DWPRKbUvJT1xe4nXJ8Vt9y7HpJTG7JTHVdxWMcnHyrBhzYcTbSvrYNquTV8XqAzG75ZaKPFgerWFCFMkM","326106794","2025-03-11 18:57:04+00","raydium","AxrG1QDMjE7QHtRjmm3XDMPjEwQNwxbmFo3dm21WYps2"
"2025-03-11","HyDAnhcj7Er5qVHireifnezrSxhYaauFrDNa82nTpump","4vJfp62jEzcYFnQ11oBJDgj6ZFrdEwcBBpoadNTpEWys","61069185","2xoPrwHRid4bkYBP4cvgA1PXbSv6SjdKNQSozvxg9QRHsAbH9d8P4WpG6tAmqtSQJZgMZkBoeNKwJRiMwTLGwAS","5usrSmtpYabaR5hPCiGEM1hqUmHfvdYvqEDi4fiKeZm5qTiapNP3yJbUguoDMcWywFXXrc7a6vrE7BXUPLieaEQn","DT9i7LYvReJm15vLxcoEWUYxUW3aABumzxxri8K3zrJ8","5537167971","34XFGoR8gSMMzBDMoSPgzWXhuyukXiRe72KgTEJqzgrz52Pb46TBCAMWfnaKCTq12gbyLd34dNRkYdettH8Nrjrt","326106798","2025-03-11 18:57:05+00","raydium","DoULfTfdSZStqM7dzzmNyCnARZJyBFqqQn9KYWibYkQB"
"2025-03-11","4taJ4B67sp5Tbe5CaizkVVubS39xqaMRA4TCLYZNpump","4vJfp62jEzcYFnQ11oBJDgj6ZFrdEwcBBpoadNTpEWys","17035741","3d9h55AHE4J67QyEJkPkoSpNu3q41tstMoVRBvuR5Qi6u2qEqBr4fdyYny9Z4yUrs8YU7ogZ4Wc9USevwtTgo9ZC","41z7mXuv7HDvk6ix5xppT6PdoKo6e72asfKobHqiSXA91RozfYjUuU9B595Q7meHK1huLeuxGqKamw1obsDqNQM4","FKwpyYbn6LeiRAsJ3deVJHUv383EeQCH2QPqDS6iLB6p","583293476","2dwhvZqfwo3FY1dusRiHJok9M8cgKGmVoRbvzL3jqf1yBZMW2kiDEh4yAEFSJ85d4LDANFGx1g7dArLEoFsqk1MG","326106799","2025-03-11 18:57:06+00","raydium","5tYJTGNC5G24p6gatu3L5PDZRtrVWaMLqgRmPjz4Qk2Z"
"2025-03-11","Fri2NNjj6APkMQ1gVd6RnCt5ZxmZzeJTuw3PiVd7o4qA","J9qE1ZEpBtL87YHBKBqxoaaF7BBHnxuB2wG2m9GBGDx4","29921999","5bDLcxamTiX3PrNo1SrHyFNbdg5xXDcv7PdRuc8qouteneMgyq1ZR4AnhFk7LwXSPVG4KL21hpd3LKeZxXGqgrp8","3U8kNtr541oBKnPoSQryt7bEu7AQ3rK3GHZ9aMhQshVm3aoEGCYqkjDqgD3PXC57EdKHvjLTqirLXL6LRnXnTzme","7yDue8CRWmYiPY3GEob9vo2r6wNZaa7bq5JiWA786DA7","779922001","d2QynwM9U22zpz7VG7zsFcs8TbeFFGvEL7yi5SaKr1y9z3YLgpJoRc7LtBGTRiaTXvUbf2bbs1B9tqVDifAyvFL","326106800","2025-03-11 18:57:06+00","pump","HHUi5kAVUnSEkGrsXG22p5bmTDM6RUzmWLq5dXqRWWmp"
"2025-03-11","9XtVcrcuCRpVMh8uYj4mQpbNr1dKxGmwdN4y22ZGpump","4vJfp62jEzcYFnQ11oBJDgj6ZFrdEwcBBpoadNTpEWys","40564639","2zBRiLp4nieRp6CqhZGidyg9Ngi2Ao378GYamPMuMg5rdi8uQnuvJUM5QjbyAMYFKVuJ4i8yC7WdMcYqbHHUpXfh","49eWkrfAMhFnDnQKp3oFTwNNHiTJdareiqbDi2s4osDKPafaN6Q4GkKkvdXUTniLjc3V5u59UPThRMYAZFFJjU2V","HgxQeqgkoDC8thuUHKLjfwyfDFzwbkMfH71K2mF1dY6A","500000000","2JvkCeJT1g6f9sa6RRZ8vHexd1fHz3X3pA6ewpgdx41uRjFNbK4SMKW9LrMEMUFqxeDdGvXuM9tvP7e6S19y3CPn","326106801","2025-03-11 18:57:06+00","raydium","2fEEjo2YGC1riA9BuH4iRiFLDMcgzMjbZ9Sbg4xKgCJM"
"2025-03-11","Ebgq8zn5vXXUVMoMSQpiu2T6FPoFyDrEkWbGuEYFpump","J9qE1ZEpBtL87YHBKBqxoaaF7BBHnxuB2wG2m9GBGDx4","57918949","3JEGA7LbbdPTuCVwKQZuLGaBfcnBfHCtTgqDLUuutgB7CPdBeZkFL5sHQkLVAp7iTxUPZaT6Jv9TXUTJYeFPitM6","1rQVJGFcsCqTDxhmCXSntDrbrRNwBQStD1qUnyCFSJJDV1pDZh2hBJvN8Ae1tXUXmL7q4xpD7vzxQR551gs7FW8","FLakEgQsvSRAFBce2SMcW4uEiq1Eg4UF3Awuj2PpPXdq","2047918951","3yUNnyvpwybXpKTMZrBKxWzM8KdtFXQt2X4xXRckvaRmaadXemQvdFUhr2BiqqGgkAU6qjNV3qDuRREkRAtwza9m","326106801","2025-03-11 18:57:06+00","pump","CAVmbw4rkoxdh9mdpfgycxF16VTXKghsRG4Z3U9rMxyc"
"2025-03-11","69N4h95nqWjZZGJL5M9NoTWwkyNzyjXcxnzjtwSApump","J9qE1ZEpBtL87YHBKBqxoaaF7BBHnxuB2wG2m9GBGDx4","49944999","2We1dzByc8UvNtWk5ssnggQq4qfhhCgRZo7W8eSQU9dvxTJh7cfRqY21jLFZh4frpJWtwztZzec3wAthK1EvzXGE","5mzq9ijgLiwprGuCpFPcn1GnFtv19yro3ntmzXhQTRdvpBecophKqDwrqoVELryVmqZ8yTzz9CYcQSRx42gCj422","hmFUDmFQyCXRG9R2scm16rvTNqfaNGnX1U4VaN1PFuf","549945001","4qdVHLYE4J6jbiwJV4j7VrRuhuPkknPvQjCtsF78G9VMoAZUNkoZFvJRgfecTQoLz5z4JHYNGzM9Mt1WoAhCykFR","326106805","2025-03-11 18:57:08+00","pump","AdLjTEmTfN7w1Xn1bMV7zKCmLCUbfggpNx9tvtGzkjfw"
"2025-03-11","44yiHhy2hXz7FXCjTMhc2MyDvQE1wpS1XGWbHFmxpump","4vJfp62jEzcYFnQ11oBJDgj6ZFrdEwcBBpoadNTpEWys","20461986","5KC3Dnnh9Uz16Rge7qovAiBcqXNqAhxSTrrreufchLahbQtYHN76ziYSEPbzWMkrXfPcFy8YhsE2CSr5cA5GkLo8","86ra8UDGhNa4AJXzVPCxvxKngzDEddNmotfF5tUt9YhkPSTmkxgK7YephsT1BntQmWhrEf7gLcxkMF2fMy9a1ZU","VqwSN9NCTSFDGENjA2a8ZPMxkSXEDKfFzHGLctreHv7","1983000000","3F4JZEndJwKMnbQ82bTt2h6j1YM8jZThjSeCvtCqz1yYcmLcVgrVtJC9LXWNNzQADGsUiJQuwPDLCKhGzgTBnfiz","326106806","2025-03-11 18:57:08+00","raydium","HbdRwEeVgNtRyoXFYycwLAMsrF75VYbMrsbErhLX2mLW"
"2025-03-11","2YJH1Y5NbdwJGEUAMY6hoTycKWrRCP6kLKs62xiSKWHM","AB82o9iAEFYCzHYMJwVpmPUKsYaKxg1syMvsdNYp6fCh","6256213","5WEVCHVzTQ5qZWoXXmQKePNySs6rQBJF18e26CrbczGx7GcfAGWfFENnLVgvs5ArVBEjvCyiAGhQwvhXjYKYSYHn","5L12zr6d5AkJks9kEwMntcER2kpzYqQTHVQyqFTyJAL1jfSa8h8rQUogrXKqwfN6AjLvhg1nXwkZhFXGu5GdVqdR","5aQasiuVMJPner6WvpegvjSiTZzQJq5pRnkSMtcptKzL","60000000","56dWUWhJKi1nQg4B7dHvNUevT8LGAuxUXPWXoR144rRB4vrS3YkvptT46tWtqJYwfm79YXZ3AeegNinJC1tJWo3X","326106820","2025-03-11 18:57:14+00","raydium","36tU9GPshZ44Si4mtZgHwg8NQVC6oLQ2QXYXt63U75dT"
"2025-03-11","AjLxgVfukKa5Qyj34dE2nEjTSC5oNXJTXMT56PVt1rmF","3TYGnFvQcFJssYWPrPqJqNe5FQKw6rKTCLgBpynkyh6q","7391180","EkcfVxjAzWZyswT9JbRkSJfEvtn8KQNeHHtCntyJTW5GXsRGd4wKkAKY7bzXPXeSLrLfaCT4GamY9GV35CJZ5aM","3fCNT3QxogS2TYW2Mye14Pe9D3eK4QGBd3sieU7FZdueothdUYx3DtrFukAGmGawBNwXpmUZTJBreFgDzFa2txam","FKxB1rMP3JoSm6E6KzWBJzGVhArHwDSRcyi1cxvgnWFr","60000000","5orvhLf88fBzmFqNDqfVrkrh69J2Nu3ENjhftzb8HQjAyyezpm2TTggcoT7hLNS81TNMQfPKjNFeTSi1Es4Y6iy4","326106820","2025-03-11 18:57:14+00","raydium","51gE8bZXMuhZFDNvqQj9LsD6v68eqxuLoZ4CHaqKtMyE"
"2025-03-11","mPoxxY1x7yBp399TKbFm2SQYDGSzEn91Jkpvi54pump","2BjwWDLdB5D7jkrVXGrtZaeJZHWskhXy1iXohH5ZFSeQ","29864823","4EY2w9KsC5Eooxvg6FsKbgUJCmBfQn51EoYUVFPXUVy9JAyiiN4SThErt8Da5ggaq5vE543sQfmjt8ZZZEPh8dLG","36pzNdmdhN4BnUmRjXBiq9oDeKGkwRtSTDy6pCvDC3LNUU1AfHXuk9KyxTpeSVMScTtQ9CfQ72rPY8kFzDZrPPE6","9e47tydAFEYP29ViVyWiHn2rEc5PigHpyFPevWZhpWsx","298000000","4qB7s4esfygrHQf448Sq1HNduwSLfzP8aaLu9W64JNBzTYPCHGHr91w31mdUZG4htirj1ZQFgQ8rB51XpapM9bMW","326106857","2025-03-11 18:57:29+00","raydium","2CCjwBiFa5HSfaVXK7tdWFg9uusCjswLjFxrgG3jJnjV"
"2025-03-11","5sX4ysrn7r1YY1SzFMzQqdNdv1DfdRhBqvEp6sjqpump","84r6PTLbUoaKTRgzaDzBz8hz2GxZkKvZCtZoAn5XJhXR","42073626","4ho3UU12Pgr1XBmkn4JMmXk1Y1c4iwWWmTV3N4rbq4XEqpjS39VPnKKKuY8rBYJUn9vuYW8QFZcEbeaY4VMSpfyN","4isgz5pK4krKBBUPohdjpU8urWreboF2bidd8sCP9ssTXYmK3YgEBW6JtXguZqkVgYhgWcHWazRJU5X8RUFeSyGH","CBmR1ehaypuEdowQXZXN4qjEzm2Z2sdz1EqTydkoAuCZ","1000000000","5XuhLWKuZEsD7TU1rMVXdMgLziMdMs3NM1WAy4iYosWy8hXTqgHoZV488gCaZpGzzcqQeSPadMgkEobcLeMEQsFq","326106859","2025-03-11 18:57:30+00","raydium","9uDqaQc8fc1SubmZPpC3KtkLt8k3YDhDjXPLFAsnLWXC"
"2025-03-11","BDyy6p8edRENGVVmFooMQi2EsNS2pzZe9JUVug7ipump","Ch3T93fwgMQi8Vpiv9Rv8zJudivQfARbxLhiLDwpmbhF","2348312771","vhSDKRV62vg3r1zcjoQMvZQukyK6i1QMGH2ioLTwqhCYQWbHVsAS189XS8LgjTwD4aVyBrzAvZhH65S8S4uDgpX","4ZC9A8TMtA3yr5BPnZwfxtdSGFba8qWBPYXFwLTsarLckGVtdcQ7BZ8g7Ftt11SHorZqNafgVZdctqyo87sGtfCD","8iGuHcFQEnJ11ciNjRXRr2YGXQVZzdRrj54vDQUAezxh","15000000000","2x4pc36rx3xeLco5JUdwPQMxgcwBAmbfenVYY2xYLm6rDxWsgrWoB24kNszM5rd8paKreRJuZo7agWUzqAMhCMFP","326106859","2025-03-11 18:57:30+00","raydium","8cgZsam5ErtcwjBUQzp5rjeptfBaruhSPybJqHDtJxcW"
"2025-03-11","9XtVcrcuCRpVMh8uYj4mQpbNr1dKxGmwdN4y22ZGpump","FNhGSmJ8pkqE4hB4eCgAqxMGuXagMvzGdZN5bodb3Fh6","74531673","4Y57RGizMyTFHKGqu46ZdQKGZ9T2QvWpmdy15LLEigQ5XyF9J47FoZhBRcTh2T41Fdg1jsqjDjfhnDYxPht2MMKN","g3SdjcNpAz2TY9tDJP6iUuxg8r9h8Z9jCDTLVWMc58hyTQg7kxGeotxaa4uz83edKZXPy83RwYBsUXqKzUJutjG","Dd8xoZD8oNN7WKyQLCacTz9Fap7WkXnK47iqRqMDxMzG","1724371723","3WDCR6iYu1rSsZeKi4sZ33opmPbsqjYrpkcCGGBhdzD2qHvFQemcu7P7hW4fuyxvw2GcYWivubMzcibBDrMDXKZA","326106863","2025-03-11 18:57:31+00","raydium","2fEEjo2YGC1riA9BuH4iRiFLDMcgzMjbZ9Sbg4xKgCJM"
"2025-03-11","BRhzYaqnXtH2RBoFZEGKeQhAsPdEir5W5VFYT1ZBpump","4vJfp62jEzcYFnQ11oBJDgj6ZFrdEwcBBpoadNTpEWys","1748792217","2yNb92jbBcTDYRM5YcUDWtCTFeafiJ8tAT87esFLvXZ7Dcan23TTHeqxfmiBkhcEYYDd4u23SrbKQkuJB1ECx5Y4","5Ebn4YSiCaLYsAjw8X8jyHnBgRX6bQz5ZHi2cSx96QPAEuMotMbyvaKDsunt7SZW1BZV72tCBe7Jp2nBqHMoxqZK","FW4ig5qv3Zp9ZSfKmJR9C9SRyoz9epDX3UdDL2UQ3hiX","21677518602","3GkNLjcHaJPYG8rc219XtXb9dXTYHYJCMgBRcCii47oKdiQbLmTFhF4A6qtYrhXNBNw4KGzwsuqMjHoPiiktevP3","326106871","2025-03-11 18:57:35+00","raydium","2bN1swj85uoJ8GvNozNjFqsQrww8qdTsD2DeVwArzvDg"
"2025-03-11","4taJ4B67sp5Tbe5CaizkVVubS39xqaMRA4TCLYZNpump","HWkVhuwWCeav2Hsd8pCZqLcA5e1iJe6k5ppCmVzw2tTF","623679682","3ZUvq52nmr6cZcCnJZakYwmdKeDwNnco8ViEkU9Fpy5HBCfpTy8QMEa5gUUwAitZLkWVuHRCq3a2A2obc9pcwoA4","5ChmSXzv6LASFvv5fTvgVoFxkL7AxQwHPxnxn8ByriEKLp1iux28FuW2QKiGV55KpY6FpAehXqb24czcYcPg6pPt","EaMmDsgK8sDEHFT2bNAr7fLYL6yJKoYLCKyvhkw8nKVg","3000000000","4E9FgZbfpBcvcjWBbKBkSYbZWcM73CuhH7pS2gXJRhM6aAjzmVQVbKFrwAAq8muytjjgBNoSiAsxkwJorxJ4KopD","326106889","2025-03-11 18:57:42+00","raydium","5tYJTGNC5G24p6gatu3L5PDZRtrVWaMLqgRmPjz4Qk2Z"
"2025-03-11","4taJ4B67sp5Tbe5CaizkVVubS39xqaMRA4TCLYZNpump","4vJfp62jEzcYFnQ11oBJDgj6ZFrdEwcBBpoadNTpEWys","230381907","44XXkmxZhRjmVg2dBzhduUZ2ATjxS8tLqFc5dkJfYyQw57GbrXit1nyUb9i3XKvNQ7zRXNhLFBeMfXhsNRQeS2bR","2X1XJyLVPoGibSTTaKxy7zZ2yiLbrziBDHd3AxTH8mXq54PYrNVxkjMUhTBDEZgyRKqNhqQChbGizwvVWMrCNxn2","FxKRK52ENjygzaSuwhu7jJAKQLSZreNcseqDKAw4xuCX","991500000","2tKzpA14bTuJNFMPsUq8U4yLGPrtjSEkUtKP8puhL3Z52qwLzib44obxM1NYZMbBE6ddGHrvWHFc8bSkmfj8kzPa","326106913","2025-03-11 18:57:51+00","raydium","5tYJTGNC5G24p6gatu3L5PDZRtrVWaMLqgRmPjz4Qk2Z"
"2025-03-11","bwCs4bAMoExahc8Np2rxufxfrGai2Jb3mwkMqxkpump","8gJkLh1tskkhakTuMbRqXDEM9SMzG4fQv7TzYdR2fKQK","2328497","3ftZBuZDg1KfbMoZzaXeiMH4eoo9iqjVR15SdmtigVkT2U3tJrrjJHneisTyfLKfw2BN1QYDfX542bxaEXd7hfjD","4FQVvSnYy7SXUfSByE11G6rqiabSHEMZBXrUDiUxCWJ7pALEfwPcnKoNSWGfXc8oVhqXgUz3tH1kYWApQVtxjghW","5gC4kxXhpKiREvc9ittdnBmsfSzs2d4X3zv3X65hhKTj","991500000","2YkKWzBHNjyL6j8GVYPXSaSU7LB9xuouvYKQzgT8uA4dXe8iTA6EEU6q9MskRUV4w4xzKoVTGSUwwEN7oG1B1dCV","326106981","2025-03-11 18:58:18+00","raydium","5zf4J2N2RGtUai7unfWEp45RqzeDW2QncRvtXqaaXUSc"
"2025-03-11","BDyy6p8edRENGVVmFooMQi2EsNS2pzZe9JUVug7ipump","48v2dZFfco4jsJgHMpcQ2fQB76Vu8Chf8xbgDPkQdFBb","196433757","id57eGjs9syrTYga247gA83oKGsybjUsrQqeV4TpuQKgsD1wtkJpz2BDDTem21S6Bd6AJ8m3BLdGiTgYNDomXyU","5RKRFDhwrNhakEv2yo46Y14NqjTVwDoFiiL2qgYYaop6gxoH9rZ89jayG7oodgUyt9N3QXXymBV7AYpwEiTNkmSk","Ev2WLJrVhyhbrra37m9UgS6SecLphUo6jLVwszmyDzYp","700000000","ZqrBm6yMLLgtkZRJaXnGWTu9HJmBNVCEYiJxYiipehgTaYfXMqaPr3uVnnshPW2pUNg5Cdn9h21UueZervWnF73","326106982","2025-03-11 18:58:19+00","raydium","8cgZsam5ErtcwjBUQzp5rjeptfBaruhSPybJqHDtJxcW"
"2025-03-11","ArjoCBSVe8ZZUHvFV4BNj5n97f5HDmYDmPgWzbtJpump","DyohjAjSid16f62PArKr6hk5tjfAeWtcVePnxCWXovNX","2041232","3UkSB673NP8LQPoJp45B39thC3Wdi7sHEptjXVsjTgy4B9X2fgutVdNatqScJLhH9fdk3U17eFPd1JTqH56A2Pqt","3jQtmQAvNgbDVwJGW6sCoqqX3hztxG1N2bj2sWCHfJkApVLDnYLeyEWP34raAumRCWZHeyLfEmgBdGm76Ppm2Pas","DfmCdkNTorKKH1sg6wNURKmjaGJYaTWUvEQxb69czb2k","1000000000","agqz6WGFbDzMjQw1QMU279PAxz4cZjKdFwauxZYe5KMQdg9eVQP8LbFTrV6GDoQL8vz28TEQYpsPTSDHhedCAtV","326106983","2025-03-11 18:58:20+00","raydium","3sud5RrGvG8S1PLoyCtcmh7cDgwUtWfzgUK1CZf5B55i"
"2025-03-11","QMdi9TsNSLfWqsDDvCWPfK4WwJi3d3hsXhk96r6hjjq","4vJfp62jEzcYFnQ11oBJDgj6ZFrdEwcBBpoadNTpEWys","41316392","2f7vjzh5suZQxHVtkdbjNxq8wekBdRf5XSnEG7ULb8yo1epHaUymEnWVXwCLtzygy2V3sPfQ3RADgz7bDgKm8zEw","4ReAXaVcdPm4JfVSU6rC3fPiVV5dd3BrdgqTAqKUh3zAEnWNMb6SV9yYiLnNy2Nje7cDfEbUxuaAU2ogkMV1XvDs","7cRk1jraUt3jophKLVrHFJKxWYzduwWiU4DgpHUvVYiC","42073577","YNm1G63WLCZo7iCte8Nmo9joSFRabGZsXRiT8HcYt6L86vc5DmcmknPs1vdgUdzauYkeHs1t61RaGqUkbx4Asgs","326106989","2025-03-11 18:58:21+00","raydium","iuB5JiGp5ixMGDYwDAWHfXgmdoDTgiVofwvfenrdrd1"
"2025-03-11","6ugNo7XbU5RpaNVi6MMP8tMN85MmNeXFZmcPyPvWpump","4S1UuEjJYEESZx4pVQH4Sp84uHNdhHaLk2P7ufSZ9pD8","20664736","4eLxAzuQFGS3jPma4HaJGcTyvKZeKjgRBF8TLxfmxk51jNXy4LsCHqDomVbqHbRfurNcvWgjDKHEAs66JhbChijB","yBy6KMWYaUYGsrFuyKaViXxqZZqStmTNAAH93M738Ew4yn9oFW1XMiDnKfsuDS6LZAHZhhPa6BWRzMG4TqZCDjN","CT72PRy2cNtd82wdarGVAwDY52i2CNKMP1cf3qiEBXz7","1983000000","4qj7u6dENcSdESWRJCzeB3GcJiV8CazVPUBLFpw3mcPR987XkH5sx9SnqkeYe3TD3MBHiqbxpE7xbZcwgtHomGks","326106990","2025-03-11 18:58:22+00","raydium","CFoee6z5eAkq3fooQrgb6W4PqCW87WAw6su4ivJpbdK1"
"2025-03-11","BYVj6D5yCWM654B5pYf5ZcjPJe9iK7xdnNo9sbq3pump","CnXNEJuzxvVHd42NLiRDfCViHhhUHGoDRPCJqcSqVodp","147166","4snk5wy16in5TAHkwFtRiAkd6EWuWP6npCCfEPpo4ZJ8vdkAV1aspQYcHas17e4sum6wGqd5pvc2Nyfv97E6PTJj","44aaUT6qkFz4ZtLhhwvw636C1kFk7J6HfpFfqsoLf7xpvx7ywnPQMrPDZh8djGTSStGdotb3T1s1DX4FqZZFvDAY","EkXSdSVhHWaiitE6wijWYY7dfm5j4bSYB4NqoQYggD1e","377078253","4yDzqDgxmnLLc6C22iE7D8sDQ87vg74Sb9H7FTMTCZZp3BcZ9NYbUGfBk4Ym8p6kMvZcfXDS4F6T2sGxDmoSwkdL","326106990","2025-03-11 18:58:22+00","raydium","BsAjTS1vLZYVmkhDxmPt1XSgF6FRw7H92XNwiJ9zijKW"
"2025-03-11","Ta7xrAK8DnNeCS71NzyH1MkVEpy28DcPx5LPPPQpump","7PnixQfyMxKZfPQMPK3L2evCdC1mgAY9iimRKcKVhtaW","8045885","5b2FANG77rJ7zeqJopQPWReKRPp6EjmGsXr3FzY5eQeGnNPpSbjA7QWQKcRp1TehYQVrAHfKSEegq4RomAGdmU7e","47oyhxNbfCPTcTzPZ9hnakjtc6ZHNZzvQpGbnxvjUZbJT8vbYuXQkexDJ9GHYdFR5iURp4LvERqTzu8qttxmgakh","BQ1WuZ5djkkVFJHr3V4ovrKcdHSAREutWbpjL667xBwc","495000000","5s4xPtfSfNt1Wyhq9Y5TwpY4SCP9uTGMxrJypBa3UjeMX2ji1EmKhQPFP3vC1hnpKiWxiMqM6Yp46Gyo5coqVm9j","326106993","2025-03-11 18:58:23+00","raydium","AxrG1QDMjE7QHtRjmm3XDMPjEwQNwxbmFo3dm21WYps2"
"2025-03-11","QpRvqVMPG4o5y5fARHR6L7aK1x5vdWPQEiEjMkVpump","4vJfp62jEzcYFnQ11oBJDgj6ZFrdEwcBBpoadNTpEWys","66279431","Sw2oTB2YjSZ3WKFDrLB4MEJAJkEX8J9sqVd5bA8wYj1Y8QsTu43fkwkhAhK1D46BKvGr4pmsMeLXXS3Nqs1jHBx","4Vpc2BcnEdxea3FVy3TXqQ1uNiUoJ5MvzLfbgGSRdHfPkGX5YVFTkgb8zfatictgbMvGDqqGBZcNjiwND1BWqtwE","FwdoRtgTLvgCbFDmDqvT8K4PJnfz1kHNXA64tRjjiBWh","6325770000","Qa1GUPy3G6H9kCRN1CZz5H2GCDASwjmUxSsy6RyVd3sSrxuz92JcJkaUcqHxFZDVeeaHEjtHxSU6nVEUGLs3XZ7","326106995","2025-03-11 18:58:24+00","raydium","GVKeT7JdcZsUQ3yopa7yajxXehPEZpuroxsSV4vTNctG"
"2025-03-11","EJnDmtFh2VUR6KufJuuWnS4Nb2Rc1wyW7Xz1TFuQKrMc","CocgTWmsfmgu598ZmEYFfpGQren8ppAKNSuSh49z3bse","1097277","5g13wA2ZYXNajZUNzD9xQb3KLBuR2AsE69mu8vwAwGxoANqb53Uub1xDbHEevpqa43HVfpViB6V4unfCbHKMdgQy","5s31qNVjFfrHpJh1ksoJLarPzsKKrbqNV6cP6JbgVniVWUg6UrTTjkogdUeA84tJuF8fUMiMvz3jf6YgVEaarhDR","8LsbW5Pwx9vqSUTL9jxcxNHTP8JrgjcXMvsDSS9HsVY3","320932463","M35Lq9BCXetuEJ4UwDp17rkji22oTiQDWNoLiFjM7bStJQfHXwTVyfd6V4deia8qbyQ2uTVZd9JqHBsn1zP1eFc","326106995","2025-03-11 18:58:24+00","raydium","F6SGYb7d5UZPJ1zTwn9tvJzfxsQqGPGUq1YMjT9rHJHw"
"2025-03-11","4taJ4B67sp5Tbe5CaizkVVubS39xqaMRA4TCLYZNpump","4vJfp62jEzcYFnQ11oBJDgj6ZFrdEwcBBpoadNTpEWys","44616481","5qwWDBz78Q3s9xpg8PFa81Lr76ZAAQQPs3XQjdvch1M2LgUe9jqwyFf8pEjhQsnFUgrCKhP5E55WLC88Yve8gBUU","4ySghQ9VjCimBzgmnzrkY5FeqgHa6GHMct273WHx1LQc612ZAdzuCbtcGjF9Yk6y2azUTA1rzRD44rxeHpcCwLW4","F7pdcx6F9mXfMwQxvHsEyzbqVgjiE98Y8zw3JQtqJFaf","500000000","tRCNtrSLWXox7S2u3eZNy1QPfAramNLtcBUoH5pwgiSdbKaZDWh7ARjmeQATKPEPaPszffSfSpvT1PMMzazrEh6","326107022","2025-03-11 18:58:34+00","raydium","5tYJTGNC5G24p6gatu3L5PDZRtrVWaMLqgRmPjz4Qk2Z"
"2025-03-11","8Azht4Gmh2ZeHBZDx8p9yfZNzHRe5q2jtvdTpzpapump","4vJfp62jEzcYFnQ11oBJDgj6ZFrdEwcBBpoadNTpEWys","100094457","3G56azSDMX8ZnzdwZS3nuydvgXRpyKRFHZXu1N7H77NoFMsSREeKh6inAmmfPq3MRn9xAmMyH4fTsTuXhXCPJKYG","2BaiGEYz4gdTyGpGSdPxd5cchGmqUZvzEzsGDFDmtSGnT5TJZavrWR6eXiiN5GUc5Pw5kvE3CZbBq1YsSaRZUxrt","E5nd3An5JTP7Tu18bfY6M6FdLtER1qEZyBhu21bmV6zD","2000000000","qTRzHBpXZrLPvoK6nTEujXFE7zsx3xyyMUPRinmpdg4CPydGE1XAKnN79da6SeiWioaAM7Z11WM2qo3t9Fwg3Td","326107077","2025-03-11 18:58:57+00","raydium","AwVNdBSZ8bbmhAspF7ephpuHJQUt2qzcJ6Udm8ocxJki"
"2025-03-11","4taJ4B67sp5Tbe5CaizkVVubS39xqaMRA4TCLYZNpump","4vJfp62jEzcYFnQ11oBJDgj6ZFrdEwcBBpoadNTpEWys","30206515","5d1XF2RPUatTwwBo5KBefHgYEcgy1QB8Ehfmx1vJcs2TzM3zwErdwcsYJ8t495hYBJEt7gqCqLhMqDUdZPUg52Zy","2LFk2HmZaYV6cvpT2Cbg8Uy1ZCSaEguMii36xcmkmKohvZhFrgaW2HdeuyMKWkUQ56wgUkh4fQdHdgY2GARFnk2W","7iyBfGRKibByW7vKxm4RyNrFT37C7KAtsNYt2oMNLWRW","525495000","asX4GpkPGxSWixygqjcH6mxZCd1FRDiNrBS3XB7RPoJQG6s2bJhRDgj99S73x8tfP2bbRtwfqD1gMYqpS2Bx5yt","326107080","2025-03-11 18:58:58+00","raydium","5tYJTGNC5G24p6gatu3L5PDZRtrVWaMLqgRmPjz4Qk2Z"
"2025-03-11","CJRXkuaDcnXpPB7yEYw5uRp4F9j57DdzmmJyp37upump","4vJfp62jEzcYFnQ11oBJDgj6ZFrdEwcBBpoadNTpEWys","32578226","3w4Wr9fwRzhr5YVUvoa4yCsoCft49TGh7qyr12Xnd8MoQXrJKYyrY4V5S6oj97myXSPaY3tUswzBtTZfom1PXVqg","4yTVi3HN4a2BsRGfLJDUVdrhJ8YgfBmWDzrsyRpxhUcyrDPp4YwB45uMDTBPEif8u3snu81X2V2MAzuFoJjQcRhv","3om4NvuPCyeM92cuDCQLonKonAeSjC13VFum1nTzBQsg","1264031937","s2G7TNh6LPPxZs3rhTPvEJgPWAqbmgs1HtMmPgBEUML8K9fx7gcSRP4MDdm1pYsnxW7JfCXuzR8G7u34ie6GbMw","326107081","2025-03-11 18:58:58+00","raydium","BNSnSZJ88RKscbJCqPyGkfM4syPdJFKKycLQx3hSgE5F"
"2025-03-11","2u4jMKTLnaFYCPEF9mh9ciMoyMmnKGtiaqLZ4t6Lpump","4vJfp62jEzcYFnQ11oBJDgj6ZFrdEwcBBpoadNTpEWys","47824161","2s2cUDuG2VQoePJY5SX2uX9YyMYUHKUfnFSHybe5zDhKuHMLB5jVVRA6W2dAjTC6ZoqT1pByiw7gGQbf9TS8NTen","2N7wmyb1mhizNHDkoD81XhXFXPLktpjemRDyvWvjkxEiUzL8BvBR83TVgtvif6exwoEFtapWZeweRVnSnHiwo5D9","Ba4qUYCBFtbt7LFhygyLkjtLtX5PciWqR6UpuMja7Hio","1000000000","3MKP73tvgkMx8DzsnHDrue2RXjydkW1nAf2qiiZuxsp2hiUMz8VB7hpYfzZsygbfiDEAF6P8Eab6m8DP9mdywac9","326107083","2025-03-11 18:58:59+00","raydium","8ZW6g2RSThBpqQ2PXxjMq4Z1LWJ4CfnhnQWTC3pxRBH"
"2025-03-11","83iBDw3ZpxqJ3pEzrbttr9fGA57tttehDAxoFyR1moon","4vJfp62jEzcYFnQ11oBJDgj6ZFrdEwcBBpoadNTpEWys","35782842","4VBdgMFXjE2ozRAuQ6Kyt3AStHAfX2XqFpd5DEJJ7gMFG2zaXottSQZWcgvYJKfs4Uw7XB1G9eEoVCp8n9JKXTGH","28isvNdh93U7kkF4YXmmuiD5EuLLJkaodQYMidaYoaHuBMKbRUMmvFaT1mLPmBi6jjZbSFmtexqsVQQrXwut71qB","7sPQ1tnqzi1X7j2fUKrx4D2ntgN8MckqL2tM3sewZBny","9498361438","3GBzWyKg1DpNRmSrAX2qjLZwM916nLJNkEKFVwvtB49UmRS385tz2N2HCfHqUXhWz46kyyVCsX14UV1SyhEJUdob","326107094","2025-03-11 18:59:03+00","raydium","7cjgE6PwoNqfXjayUvUDE7TCS2GmPNnP1jCT29jT3JVJ"
"2025-03-11","AckfWE5fqSpTYcQV6ULFwU896qw5zVBXf6LrwLSipump","J9qE1ZEpBtL87YHBKBqxoaaF7BBHnxuB2wG2m9GBGDx4","179781999","gxKippXUCZLDDSgcFAzHs37dYWMpD7KsuCSiB2e53Ptyvoe7M8gmCFJUxRMq9KVjRYwFFq5wTrKSqYDXpWSwKxg","5j1ELV4RgoeQ7z9G9mEFEG1wMqxrsnnNCrZ9cjzSh8qkMpoGJEKte2Yezs5HiagmsxzuPQAWUZMoiqHdeD4Uvwh6","7GPxaXxNieoD3SFriqvXaL5kr2RS9sTesvaGkFkDWjFs","2179782001","5uXjuXz7K85U97bq8sc6jZYPdZenz8i7Fk1ieYypjAiwK2dr6yycghnMHmDjn41RaZtouPsod6Db4qx98LjQbk4H","326107094","2025-03-11 18:59:03+00","pump","BWL9pCGGGyCtrwiJQM8zgVrqzMmcfrRXkyRKJfKEZxVj"
"2025-03-11","HH4KFkiLddsN5hc9Y6cdM21w98JKRdRpGkVyq4Wmpump","4vJfp62jEzcYFnQ11oBJDgj6ZFrdEwcBBpoadNTpEWys","170635842","3r3v163ZUPUm8FzMCzc6sneYiA1AmUGi4mNcfi12pz3uwCkr8wSTwLwngEeD2NZubRJiego9QfmSjbb1tbmk5zn5","3bVAsS86MpaA4JoLFhRcT9gU27WMJEd6bT3s5k4hJtwwgHxNJ65tffJYktiZZg2tt6W4Do2eUE3Lppj4fT6EuBYB","GCor9uW6uHfejryvZTeeRmQUXStsADCDiJz2Bk5FpR94","1000000000","5Vpnzu1YHi9H5PLPGWpCv4nddqmwY5zB24NvRyzn21CtKfU7VS1cANGHVecaFjRBF7XjGEXv4wCeabijkBwgbSmD","326107095","2025-03-11 18:59:03+00","raydium","5mZqZ4gPKNcUbYRXAdcCLMaJV7a9Ds8P6C2gnPwfFoPf"
"2025-03-11","4taJ4B67sp5Tbe5CaizkVVubS39xqaMRA4TCLYZNpump","4vJfp62jEzcYFnQ11oBJDgj6ZFrdEwcBBpoadNTpEWys","22091647","4kZKyaa2o12pSo8XcovL8xpPpFp3gd3mtRPytQJ8a4bDkiGYiwjp1NPoGTSUGURz1kdWNR57prvrKTUkYGrzfE96","5GtRTsrcumYTDTYbkXja1TDQqSPXqts6pqtuKG8HUuuz7Z6wq7GVUXAfaKHqR15GdUMcQuxXwpYAZehuQMKp1iaS","3eFXCtN8mLwtK5XV8gjSdMsHjP62Nbw1CE72vn8vynT9","793200000","4oQYmsMksHo43z12KSQnYhPV5aYfoC3dhcMC4JW8WryYFMp4GGGKc9CawNyjC6jHZSmtpXoLfYCkYLmXebhPTHQb","326107134","2025-03-11 18:59:19+00","raydium","5tYJTGNC5G24p6gatu3L5PDZRtrVWaMLqgRmPjz4Qk2Z"
"2025-03-11","4taJ4B67sp5Tbe5CaizkVVubS39xqaMRA4TCLYZNpump","8en6s9RFFipCwkevTG5fE2agnkwLvsbAC4UmYnsDMLHB","72270104","5ySeCsD9GbV7PPFuX8nFjSrGveXEiBzcpSyuR5VAmVeXtkJTVaeDRVgmkaq26KcXPDdHgYimDiXPqp2RFrWDT3t3","nqryGRFPaStKk5hZcN1ahD9QxJ2Yt9MxjJvXuH9WgYWFeMxYZuzjC7PnmGUxoeCo4FvjLFWWGWBBjTda7Y5D78U","3DjkkWVPLTKw8XGrcPJLjQhBwKdbA62f4Cp6fvQ29Agx","990000000","4oaF4jPkrtowCqoicnFmFrL6KKGPKWdYbF823mWZUweDF2DSZRXVUA5GgKDwWjeA2HYY6qtm6VDYTxFyCU6gHKPz","326107144","2025-03-11 18:59:24+00","raydium","5tYJTGNC5G24p6gatu3L5PDZRtrVWaMLqgRmPjz4Qk2Z"
"2025-03-11","4taJ4B67sp5Tbe5CaizkVVubS39xqaMRA4TCLYZNpump","3qDsNQ1BNiMTDyzo2UsYMJ6mngL3bJ9SPApNYBzBi51z","99902308","3Rjh5ypNBHb1MTXCV93fSRBF2wrCEGVz2v9xMKkE9ULwkA4PszL8TfnpSjH3X3dH4tsEKgRDnwzwwU7qXTeo3qoJ","3GsvDjRXP2nobhPGdBkJHKQCEB3LhTZ31mk29eJnwsVjLsVZRWpxJuELaA9nevwfN1Wi1D5yQZvDB7p3aRiagxc","Eez7osdJeW5ZcUz3EB7vMd7RN41nLLNEuNsZqNWU9ouV","990000000","2MmAn8eCc5xE24babGE9igbTL8ZBQmL6DVuVXVmLaboFP4772spFgTsvVGHcC5JTQgW4B7wWBmMv5sh8fqaqj6r4","326107145","2025-03-11 18:59:24+00","raydium","5tYJTGNC5G24p6gatu3L5PDZRtrVWaMLqgRmPjz4Qk2Z"
"2025-03-11","BRhzYaqnXtH2RBoFZEGKeQhAsPdEir5W5VFYT1ZBpump","4vJfp62jEzcYFnQ11oBJDgj6ZFrdEwcBBpoadNTpEWys","17148648","62xZefKBHA7LNExn8ahnMQ9CAVRL6tdaffWLLgdBgYn6BNxpwhm4A8w8pEigmFYMKsq6VAyHqYeJ4gPiXrJrEfjm","4563KMS2D95CZQZuiggGJKEJFHdVfhvzfCuu5En9FBSi64KaMoPeTxSdSv1FQaZcdzGdbUbHeCuXVQQdaPCnnKDG","9XPfdiho8vyDVSgQn2XnAR4EbGuAJKNHpRZH5eo2fqAD","474388384","JFCumxJ2v9myzhBytRDfXhPpYkbomMpBbvxj1gjpJx4tmVqyf9Pj6BWih5X2XuyHFc93cz9vKgLdJXCzYPnQ74N","326107158","2025-03-11 18:59:29+00","raydium","2bN1swj85uoJ8GvNozNjFqsQrww8qdTsD2DeVwArzvDg"
"2025-03-11","DiB1yPacaT5rjGJ3U2XNdiZVp1BLXs5MxjVHAudfpump","CqxNSrMZPYTvBiYvuPpkYVfvJmM7dGmGQH6LFwpoJhbm","50502351","wC6j7GDtqDPBciHZyYCr2YbybEWPthdD5qEYXNXkWVhGDPNEhhS9txLhtwW8gdVu2JAG6Vr98rdkGazkdyGEqbN","4A34Z8Sn1Lv6AdDDBrk72Szh48dUSTTVfvm3vS5TyNAhpvASfqWNByUdYnZASrB6Va6SGr4GqQgdu6uRTG7nfeM6","KCdncCLdUVdrMnMmSseT8E1fB3XhHBkXsromuUbBm74","800000000","eK9bCEtRv1toqUwTqbCvEV7rWGgneG26Kp2TKMF3FXcwjqgD4GKQz5BQ3YNaNAKBxTpyqARPP9kMbLzVBPxNA92","326107228","2025-03-11 18:59:57+00","raydium","8fc1tZfcoroE29uRVivy1ZkQoCwRuuV1crvduNGMYBs6"
"2025-03-11","4taJ4B67sp5Tbe5CaizkVVubS39xqaMRA4TCLYZNpump","GTLQsSq2NJTet2Jd3KzdNjqL89DAoX6N6quPYRXemzG2","47880280","dVaxUGs71E1z9qQFa7ZArrzWy9dJhcAmAVKGwFFG9Kywt2FygDE5DiQPG3jXCHFKgLrWLVfVXPNZbjMCagGnKBh","2GhBLX6neN7jhRW7EvunCAhRGAzNoApvaohwcun4hUXdzQy3MN8At84UoEa6mTWnbXzvRdKnk266B147FUacp2TK","9RqvgM4RgkF8fbTemnZZzmGvzCRWpCUnibXfcF74Vghp","500000000","gtwtcogpauDDrdYXiovyrUgd7VHTGQwUyHY7VB1bScypKUV1A8h4DGCu1ZZ36bbsgoLgRDcSL2TQ3qaa2YHyvCz","326107235","2025-03-11 18:59:59+00","raydium","5tYJTGNC5G24p6gatu3L5PDZRtrVWaMLqgRmPjz4Qk2Z"
"2025-03-11","4taJ4B67sp5Tbe5CaizkVVubS39xqaMRA4TCLYZNpump","4vJfp62jEzcYFnQ11oBJDgj6ZFrdEwcBBpoadNTpEWys","58112496","yhymyE92rUyMBSkPXXV1jyH8QEvDUBmamb1AzR43QYVVZZEpsByEZZXnYuxMCSFSHzD41s9uiersDFe5tEhvYgt","5FZfNx1XAqtFbapwGTTsLbinL2ff3ZBRwV1cLUP88FLtgHrasCNMSYxAEcQDBwGaAeqsrakfcziZKSeMGdwQaxx3","Gxw6tya98shNpGtjEovqTpKxs5TriKDvatG2HDmcQYzA","388482946","NxV9prNTFMvpYRVw8td6kLE4pHSMzJ8iGFNUW8KCx6aSxo4ksgzeEaxkKj4DwLPLJBNaVvThWLxB7kBCJR3g2TA","326107263","2025-03-11 19:00:10+00","raydium","5tYJTGNC5G24p6gatu3L5PDZRtrVWaMLqgRmPjz4Qk2Z"
"2025-03-11","8Azht4Gmh2ZeHBZDx8p9yfZNzHRe5q2jtvdTpzpapump","5BLagFdwZYEXMgyFbVWeEa6uVf1WRyxxmEf532K6jAKn","56152642","37zbccnYmBDWuTiRxzbM4XsH3v3BqS9UHvvNvoGwEiRELPbxLJtd9bQVuDAApZAJxp9DGeUiDDp5b1jhgWYx9Ac9","XqFMJZA4CqcwzWHL5VNddSpZAp3dvvguWLRtPQWzsX8oYBqo7JePCpwAdhkAXqEJTe9MLtoBjXgMyVSYbzMMqKn","449Ljo8qQbgW9hMBHR8oeBq7sVrvBZ5hoT8DTzTPa65t","991500000","2AxWvJ1jUDL5JNucwg8jkDdcCoRCGUaeCzZv6R4WydYfbYLdqJXq4wSdRNi4fJr2Z2sCCFn1aMQfGPb85vSiswd9","326107273","2025-03-11 19:00:14+00","raydium","AwVNdBSZ8bbmhAspF7ephpuHJQUt2qzcJ6Udm8ocxJki"
"2025-03-11","xSy6TKRwvUkYjWDmmVwwgDDbHjcy1oRwVrgwXRHpump","2iqM5EzSbWq9FZjTGiP3yzBiCp2UNJpcbwMwivVF8KLz","195313284","5ygLBmu6uyA36phJBsvhv58rngYzbpv8QBxtTxPLCzcYVLjgKaz4NJsXFCus43hdF7P62mpQ6JThnT8TDdqJvH32","2675GJja85bR3XcHffebueSJFoycbpdscW5XvwupCjm9opPJcEMxpFtxsqQaiGkCR4iF9kcPBw1SQYEWvEUYnJTn","Bz8He6TqWifNHY27koR7y2HHqY5Bm6oCMnzY2VTHvAoH","1386000000","5TkRwTCCfKZ3KrXt742DDdPVVcHSqkKptB1zeuCJRRZ6thfz5AcchYr3qQLFsMJ31nbwqM9E8XbGyS3uwkwPA6mJ","326107288","2025-03-11 19:00:21+00","raydium","BfFD2DxfM6sb3MMxThsCJAynUNE6CVVfYu534B7thBaW"
"2025-03-11","HwKE9CPg9Z9WzAeQSj6jeLBizK7LJs5m6LTVx6pLpump","6ubsNyEKuKM73c64LpLkvdokyvDM2UHFDoaPPGs5HuxT","129965313","xT149Wo9V3ZEr32WPXjATAWKWoW63KM2boAuEt2Ja29CyfoVaoWNwMwM6RCjRWQGPe6mW8QGb7KUm5icBVMMcFD","bRZaMVytsU2cNSpF6oxWn7U8pB1JPBXCiBpAdzJwa7hocDhx1B4VJKeRNt4tYx6LonzPqy9W7SQ1WRoh7JuroRT","2Qg4VTBjEsRNdbgunuiTVmZ8yYMzwS5tF8FgfabdDyvJ","36076666310","ZDDBCBpmNWgghQYLGeKEkfpUQ1Fa4A8nA7rcMZJdweR41jCSymnRcXWAYfJJnnoATGMNk5vcTKnrKRHuH9TLpbe","326107312","2025-03-11 19:00:30+00","raydium","DDSGy3CxioL4QPuj8kiPzxYg37PH4e7hdbD5E1iPmzu3"
"2025-03-11","82XZhairZh5jF1rBQsxGYXcri99cSS4xKpf7fV7Dpump","GHPCChGqtKf4sFaN1wPPCapcweKXBBngB3hF7D6nT29e","1156866","5s63GBy3m824RsKav9yMGa5C6C9P3bMRe8RUKeMAxAy7xkxecw3DAM4pGx2eBiC9iBzigTSCwMpQLg1HWN3FTvp4","61meaez4bgZ9QxL1mhw3Bq8w9529NGUc8X6n1eo9WrsLcRCM5fzfCANVGT2GwiP8rrP6U2Ay4C34siY5FztzM1Yz","BvKRKfpGtBZJGoHcnCemhBAd8YZCDQJKU3H64WEJWL5i","996000000","4wEWcDBXH3yBKEWkTMnJFnhCpfntAASvp6djM6QoPq4SP4ZDhVxVwLDAWE7EmZxMiQWB4gZkKMjNfytqYaSBWDDW","326107328","2025-03-11 19:00:36+00","raydium","GjdmjkzjGXsmyMCsFxPCx9GFusyyiRjSpozzN4kVXpU8"
"2025-03-11","ArjoCBSVe8ZZUHvFV4BNj5n97f5HDmYDmPgWzbtJpump","GHPCChGqtKf4sFaN1wPPCapcweKXBBngB3hF7D6nT29e","4308160","3AKjWCnGu9JDzr1CKn7tSPFBofFbniKe19bBXL7KZrYXMrD5BpuVAnnAUZCUYLrhmwpUPaQob3DVdfGvB1FC7nBC","61PkAshUqRSLojbt3uoKJ8qTq7VKjxQ52whSEW8rUChwTJ5Ufv4ZdbGGrNutKpFUrpFJg1aHZK9RwyjUHH7STHBX","AKEZTGVyLbTn6jsTCduB6SkmzpDfFzLGn9147Wi1B5jo","1000000000","4qW6aKZ4HVZr7wjSXCkthGsUGt2uGg258TaVkGB17xF11SuwwxWzWEGEgys7PxG6rUXmxnzK47ae4Dfkhvsn1eVh","326107330","2025-03-11 19:00:37+00","raydium","3sud5RrGvG8S1PLoyCtcmh7cDgwUtWfzgUK1CZf5B55i"
"2025-03-11","3kfoM7gu7jFt8rEHQhHDH2ZCAw9cYYjQ81BoD4NApump","GHPCChGqtKf4sFaN1wPPCapcweKXBBngB3hF7D6nT29e","138542245","5vDBAzkw5CTJsBHs4RBUCsMkdHF7dKKrDuHvVyTVePBhBkcJnRAJ9V26D2TQvwD11b8XBhNY36R2upy4jaobu3eW","3TynCf5cPpK7BYNGUA3QP5N2qCrem19F6oNhMfG3CrGnnXFBRP9ixuMdNoGEbVMgy8C3knDepT1vhZspxvPaTJ11","89i7bNQuotpdVjEW2Sdkf9RDN1BkFixUMP1yAF1QQcNn","1712663766","3hHxUB5bJrK7EcVSYS7jtZwajBUwx4SEZ3ynA81KJgPamhmSN6zv2UwFrA4nAZSX4ezHyz7Gk1uUvJs9KiztEPg2","326107340","2025-03-11 19:00:41+00","raydium","5avynhVHr89EhfyAKXPu6AsomDJh8CkA4TwRFkLPPtDy"
"2025-03-11","ySDVFEK1iLBjpyLVJnsFQrCUGXcbaRwqihr8iA3pump","GHPCChGqtKf4sFaN1wPPCapcweKXBBngB3hF7D6nT29e","1989389","3B6gCTiFYMAaeLPNQwXNRKHbor7SvZPNPnag46cW4bZpgZdnDahkfhJ3kCaXmkso9o9rynCnodCsbKVF3ZE6jg3L","65TAaCTtrqGzVTtjCXYZFMAXB8QHHKb635qtsZVJ64NER3KoSfnbXxvVmWri3VqLbUsKRcG2aBfDjthBGbSeApEc","8tCzet8Zfndb2dsS6D7Ba2RW1oJCr2djxcgxoBqVUmuK","500000000","3kJ5eJ2WU29Dwark9HbQCiXmd48TzoA72KmoLsonxbbpEQiQvjGBGPs5HmwmNJZMCmCNyLndLPqVhjwiUDrNviaC","326107340","2025-03-11 19:00:41+00","raydium","7Z9uiYcvPL4Y4zxpuaA3HzJ61PHBcoLZxvUdMZxwn2VA"
"2025-03-11","ySDVFEK1iLBjpyLVJnsFQrCUGXcbaRwqihr8iA3pump","GHPCChGqtKf4sFaN1wPPCapcweKXBBngB3hF7D6nT29e","22018507","4Dd6w8rqLDjD426wMRKK1ZNgqyQSnvEmagdR8WtiaVnpSUqerMQ27oV8F357eDsNn7FdN9rJ45YVKQ6FET6ExC9Y","WbiRwzRssDBMvN9v2pjrae7wJmbBSzLE7b2ibQfk6aUEfK1miApFP4hatAe4TRFLgQBBHAoQ4YhBgr52B1SP9Ne","AZUjCgapLtLSzFbnHJNFXuLFEGqyTRfVA5XZ9bkayfJ9","1000000000","2HnhyHby6xLUKKNwJwNWJJLzagG57RMo73HvJsronKkPNQTs32gNhBFC2KNMuayp8RB3qYL4Esg1MGanE8kie8CN","326107340","2025-03-11 19:00:41+00","raydium","7Z9uiYcvPL4Y4zxpuaA3HzJ61PHBcoLZxvUdMZxwn2VA"
"2025-03-11","ySDVFEK1iLBjpyLVJnsFQrCUGXcbaRwqihr8iA3pump","GHPCChGqtKf4sFaN1wPPCapcweKXBBngB3hF7D6nT29e","10304273","41rGAniXWh36aeEwvmxnve6GmhtzY3LmNd4spVtN6Yp3Ui1ZJokkuGyfKbgM8qDay5DJoxfRf5hWGQgBcQT1J2b5","3vJ1ApfapD4RHNwekS7z9cecWHtthNNSXuPoH1HavECnFjCxRHMugUAGhTwGghCLoVfxQaRmKkNxZSTfHPb3HN43","7X3gePWq59bcLEhBJP6Q1bsVzAGZ98JCdBszK1yXkpu9","1000000000","2Vy3k5sJLZkME1ajjGVv3mwiDxymRzrdGVwHmHMCD8Wg4VPgrR2WP3DMDUK2hHQy5HbVkd6BAEZ6rBgcNmDYp8ff","326107340","2025-03-11 19:00:41+00","raydium","7Z9uiYcvPL4Y4zxpuaA3HzJ61PHBcoLZxvUdMZxwn2VA"
"2025-03-11","ySDVFEK1iLBjpyLVJnsFQrCUGXcbaRwqihr8iA3pump","GHPCChGqtKf4sFaN1wPPCapcweKXBBngB3hF7D6nT29e","13110799","4W1vBrtZnYM7fr7YRfV1eTxV95UwS2XrWF6BSxfqYZRAGgPgjwuAxqLGtmwwpFTx97VjLBB65yxnGvUPCSNbJR5T","4CWaxu5oobLYuWSj4rkjUDCvZ963EH7fKUrDv9UCvR8zGughapq5hq9pp3r9mqVfgW4wMePKB7hWbYgnysPAdKAE","78efUET4NJsUoqMA3r7NSVq7gWPhohn245TSDrjaKwwv","1500000000","41uspA7dGrcDf8ZfgxhECCWKWuH2ZvJrcQdp82qGPScjRR9E88NvQcGKyfRLzwwF1ZjTWYfEVi3ar19vfdHpSjZ1","326107340","2025-03-11 19:00:41+00","raydium","7Z9uiYcvPL4Y4zxpuaA3HzJ61PHBcoLZxvUdMZxwn2VA"
"2025-03-11","ArjoCBSVe8ZZUHvFV4BNj5n97f5HDmYDmPgWzbtJpump","GHPCChGqtKf4sFaN1wPPCapcweKXBBngB3hF7D6nT29e","297290039","3gNszKxD67BagG7kg6cqF7XpkZTWkUsxP6H4A6iP89XsvakmXcDr3FpBDnwp1NfP165dEzkFHfGeAqFsgNq2dDv","3WBMefHS7iwtiKJvwNksUShgrZ73is2rt8TQM6k3XDETSyVScUsBP59bhFQpPUo5rqrnxAPT5hiCSp3kZWGFCqv9","J8fYZbmCnAL5WByigxqoum1disKUrZbsAmupfkXMvrmw","1980000000","3yuGbdvPuJTKw7wJAVppmD7koYmoo6E3ff6iAzpSqd3JWCsbe2ijbXG5yYcMeGct24huaYWNnsAFFqiBsyyVrwEL","326107340","2025-03-11 19:00:41+00","raydium","3sud5RrGvG8S1PLoyCtcmh7cDgwUtWfzgUK1CZf5B55i"
"2025-03-11","DCrugQWBjhzM5AJr9Pte49zkkwoXmYBs4WctErFRpump","GHPCChGqtKf4sFaN1wPPCapcweKXBBngB3hF7D6nT29e","298875118","BQpNSx2ZJvttPTMYrvxkcdY8n7GcTxeFb7yghWwAvVCSQJbQ6qG85hpkN6u8xh3t9NPZxihQjdJgVv8X4Rsb4wj","fAfSwnv8THRMvjrJ1J6SPZHYkxcSTAFWM3dWAbQAHRmsNFMZiyQYPSXjUBwPJD5t2DE9SHpT9XJjJndztKsZH6E","DCNFxDpofbbnXeVhaQTDYkSRW2ZFioZTS6o9ZyUnneGp","647034107","3AYEV3HuNCZTvnfAgjFUF99URZSLUwtJWiRGcWznF4EH4EDXyyNDZ5T4faRmJas2HPxNHauszTJeBF9gCPtduiuy","326107340","2025-03-11 19:00:41+00","pump","Fdh8NY6jNpyn2d82RbE6BeFARNbviYpqjgbHt333z1aj"
"2025-03-11","EYY3BnLG7m2QEZBt5hoLeRnwTQzUGCFG5LoEC38Mpump","GHPCChGqtKf4sFaN1wPPCapcweKXBBngB3hF7D6nT29e","37058091","4cZV5AtMkeeVcTakn3YWCmYnv7ywYYZDrKG11tAEsCsEbKgqttY6GPu7CaF49i2ZYAgmTwnCtF7EcRStMGfHhvDa","B47nGkfdiiC5cgexJC3qAHTXwEZzRXVxbanZu6UnKKkenH9zkRbL1FAVqLu2yS32cEJ8t9GqxU4VaPKd1s75LYM","DoUnxtTKATgqWdbxc5A9HbJH2owuvtv3KoLbEY89re94","980198019","349SJh8ZBXiqj3pWMVYNzQT7DVKty77JBsFLPaqpLMaBEeM429ob5uoGVjmPg8jxqJQrrb48jaYv7pNXiHtHWYN2","326107340","2025-03-11 19:00:41+00","pump","J46BkGx8TiTQiW2RD2cjJ7rXz1CMqr4vQ1ZyFAEdZ7D5"
"2025-03-11","QFp94pu1bbUq3o2Qz1PhH8SmZVtRQ9Y2LSxeadYpump","DwYVzJaAW683T474NP2nAe7S84cLrbhsUWqCcKko9Lr8","1359303","ot9ywD4LGDWWz8qf1v79VPetMvhWGYbeXH79Qo2a6AVWoH7Yhip2kFGs6NBp4PemXeuzib9RDNzreK9J3oUh63v","2ZMugYk3xCCMc192PaKwXhQsaFyx9EG1GxfjUmn5MyVJ3Ft1MtEiwj2ncPpend9gXyrfqn8275cjYR5RA6fsnhDD","H8sjCs15E96Lbwx1iarHmhk2txzjLe9RScdrF38hpoCV","478475727","3HrQccr5esj8LkWgkhrKwMoBMAg959UFMQiMgtCEixTWc3jbXjo5qcY7siNjhSnwoHdXzSK8eEjZ5PNFnJr1aBhA","326107341","2025-03-11 19:00:42+00","raydium","3GVet15nL7ftgKsxpQVVSdgVtc2weZ1jkje58K5pM7dY"
"2025-03-11","ArjoCBSVe8ZZUHvFV4BNj5n97f5HDmYDmPgWzbtJpump","DwYVzJaAW683T474NP2nAe7S84cLrbhsUWqCcKko9Lr8","2555971","65AQrirbQVsUnKNujCrMVpcdP4wzQX3JnDnZGCVQMwydqqnfve2vu9iXR8zCKnAviefrwA5ZEuTZwXsk7oo88Kjw","2LmsNFeBceBPufV6LjAqU8wzExHgKBprNgAQsZpPVYeXxy1veY9K5swhVpvrEj52D6aQF9YxGX7DuzDdyouEnMVF","ESZERcwH15AHRVyeapZer1xFQqb11JyhYuEjPukHvBge","1007966936","54y2CGkQCTcAE5hjaTiCPSFe7xA8KPepeQf7QkPthmNcuofm3WisiypCQrLzrDHdtrtG6pE1mDpjB3Ze3SUkyEMT","326107342","2025-03-11 19:00:42+00","raydium","3sud5RrGvG8S1PLoyCtcmh7cDgwUtWfzgUK1CZf5B55i"
"2025-03-11","HEV8JPybpUrVTPWm6CvgYinMUxXdVgd3ULqw37DJpump","GHPCChGqtKf4sFaN1wPPCapcweKXBBngB3hF7D6nT29e","101623739","4ZmogUvNf4G45fq4xJP9TaWvtQogd1FYXNm8cyZhxnZ1ceT4Q1SEFYtQGPmPh3mVxXdM55MrfsrRtfvLHksm2NKJ","GM2sJj4AGsAkm4xWbmScQCtLCjwUa6o3K7XNjvMLnuztsAa216QkyCZBXSnqa6rhVYs87pWZnKBr4T3vetuhbAW","ArAtN2uj2pn7mkRX6HJndNxsKLSijnMTVMXeu2fFHyPm","1000000000","2AMUi9RATxbxz7PZtCPFqJUc8nAkjzkYw4w8kRCU6wEYQujqg9KezhME555QsHf3ajcvz6SDkob7Xd6zC9KmF9F6","326107342","2025-03-11 19:00:42+00","raydium","AWJM5qCx4RKF7hLKuKkqKtz6XSdKP1mMuozUAb3VdFFz"
"2025-03-11","BDyy6p8edRENGVVmFooMQi2EsNS2pzZe9JUVug7ipump","GHPCChGqtKf4sFaN1wPPCapcweKXBBngB3hF7D6nT29e","48881781","37oVbPbT752haY5GgWcXBbLozYm1rRY2jj1Sq4TBPS7Aq346uHZDuE5TCESS9wbWAnauJ4m7WDBxuZk4ky4A7dK4","Kcipx4eAXQddehcQSBzK7V31YgTLMoHNWSY9gWPcNrbaa3iPu9CJaCBE8fXgpN6affwcuCjo5QpFMhjfzEtc6Fe","ACx4c3zWGwkJoFpaGGD8Hi93zycBoW8LxPxDdY5XUzwn","500000000","vi8TQt3kwDq7WN3VKtMgJ33ktyWZ6ESz7tTnnDsmEQXjVSCSYYJJPPnYr9x1Bty5frU82crKzTnn7r1idw8DWG6","326107342","2025-03-11 19:00:42+00","raydium","8cgZsam5ErtcwjBUQzp5rjeptfBaruhSPybJqHDtJxcW"
"2025-03-11","4J5AnKEC59z7FqvbEgAQ8gdun1iubwSBQRTRwS3xpump","GHPCChGqtKf4sFaN1wPPCapcweKXBBngB3hF7D6nT29e","1960395357","5CzELC7k3Pw35Ua4oYVFdVaBJbiUDqpy8huQ6uS6DdmZPrSVQv4yyTXco9wTcXGpxRFrTxCMt1aDbmQw7tpemCvn","4LAXUAnn1YKPNqKfyfo2yVBkMdiqKctfoHRdBpee5FtA76w97RfgPtPBCWCFfDWvHwQx22g5SHfKjtCwyTs2hhiH","GRYiULDAC3MDZxT3ENuzs7CXQyQmLVbtjWvUadz6TgsQ","3920791397","2nvv1jMxojTkfShm548mgYQfucDgq6jXF2YWBMbKCmJfzkw5yzEp4yNy3UGfdJ23YxPrNzFUakzgUw7gShqwgSGn","326107342","2025-03-11 19:00:42+00","pump","HSUNJCkiGXDrYjVe2BqvpxPw81yv9eGuaLNccesYdVUD"
"2025-03-11","EYY3BnLG7m2QEZBt5hoLeRnwTQzUGCFG5LoEC38Mpump","GHPCChGqtKf4sFaN1wPPCapcweKXBBngB3hF7D6nT29e","60527127","3pnQkB9EQJmBrhmErm1Rkaz7tjx29AUZFDHTFD4LweN55aQK6oN46t76ix4Nk8bdPN8LDqWPjXihRaoHJHBWTS4u","35Hbz7dDsA5tYRenb1AzMkvWNUxQusnKkVys6zDTFjKpGGToeVgVjfiCTJRcEq3pxKhkaSCL9aG3EX2N6SZ4TuMp","4k16A6riuvu6b7QyUgcBfYF5Wp4cg3jim8q9wtdvoQxK","980198019","4gyxP2YWhR24CeHshgWzdxm6g4aMeEpYQXH7LTEz5qkaT1unfSREiDEU4inC7aToZDo4WSqZRdGE4EtVCEHqrR6c","326107342","2025-03-11 19:00:42+00","pump","J46BkGx8TiTQiW2RD2cjJ7rXz1CMqr4vQ1ZyFAEdZ7D5"
"2025-03-11","4VXuNBpLmq1iPm2biuPUK8Y9iytoi1brfRBP7gJjpump","GHPCChGqtKf4sFaN1wPPCapcweKXBBngB3hF7D6nT29e","1994876","3164Hrkiu35A3Rb3CHYNUXgVa7UVUhgYk9648GWH3SBuoCd317FmNLriAbguR9XWG8QYvZAQb1aXkpfs8Aic2Jud","2fVERg2uwBtdTojxowvFq4KNr9oNvcH16eVNVSf9SdvNw6agdTXevMc2GJ2HKYTLP7BhmVCBT3suenApP3uquvib","DXJ9VGhkkahPDq3oD31tn2PSmCXGpedy8n6BYtbxvhyM","200000000","3oWp9U5t4Q1uwo299Yq9N2xfHsekN72Jp8YzJVbyRUJLhfxP9LA3XF3kwr5Prz1aDMA6QjpFapmEidN7i1oVVr8m","326107343","2025-03-11 19:00:42+00","raydium","CeHH9hY5JKpC69LTXTMhKnMpMH2kyMnXZSRpvDWmtGXM"
"2025-03-11","9e8XBZXHHLxVCrUcFJCAQk13qbavxxfjmjW7UUzdpump","DwYVzJaAW683T474NP2nAe7S84cLrbhsUWqCcKko9Lr8","134301769","36yhQNtGgkAuLs2335pdDeFoEQ8zFo5uryBJx4FZ84vTi8uaF7RMo6ewpBensSXEC2pjuxmq8mA7egMnkoHg1XV8","629vURjNSuRfCrhBW11pNzTddk4QgYZo2VoP7jxkJ9XoTARaJTBgKDynyKgJKLUfJ5cXhBNeWBxJXcg2KHNdGiW2","5YET3YapxD6to6rqPqTWB3R9pSbURy6yduuUtoZkzoPX","995500000","5jqiJTvfm3RVAKYFAZxFfNoYCKKZKyTsycpfdJULmZJYg5W8ft7CnpPcZ4fxyYj9RxtcswGVLDs3EoirBMkHj5Jf","326107348","2025-03-11 19:00:44+00","raydium","Aaqtn82Wpj9RKv2USx8gwzLocsctfGyoTbPQxh5B8qFC"
"2025-03-11","BqLnLTG9wGGpfBCwRGrSRw3UAYpFk3PRPZjGf2CSpump","DwYVzJaAW683T474NP2nAe7S84cLrbhsUWqCcKko9Lr8","7046488","2kZiPLCU39AEbHLP788gNqPpqHRRrnKcQX1feKxmB59fdgTCcNRYSP4J8wfdHBbUGpJSeScYKRb5hxz1wn6ziUSu","4rghKz7E3CaQfwwVMYpu1m6zfD8RyUfUqAmdyhWWuhri42D9Dx2HdZ66bqfWjF52r1wbYPxEkymcnkt3EACfKvyS","Dz7EjJQ81k7PVthktH2wDNcdYrhqkf32hy93UpUQRVBA","1500000000","7iso8KjE14VrfzoWdK3mUiN7H1Xr8TgBYYVLHGqS7sQRdh3FAzdy4w1sGGgYPiexBxS4Vnnuj2XHygvSHjZZRbu","326107348","2025-03-11 19:00:44+00","raydium","mXtvV1gYTdRtTsD8JVKXyzk16K1PQgK5N71rw44Doim"
"2025-03-11","ArjoCBSVe8ZZUHvFV4BNj5n97f5HDmYDmPgWzbtJpump","DwYVzJaAW683T474NP2nAe7S84cLrbhsUWqCcKko9Lr8","54771381","3sqfwt3fXDGMnr5MERnfcnjEiz84FBNC5rgVeCJtSeCkzBd2fxxvHSqmqTHNMG7dxUTeUyUpPDtSBrwGnNM3biGn","2HmQga7CW8SsSJysP9sZ8mhfurJqKv7gZ4BWxfALYibvAaNpP8Gzv44bVELM3V41op1DZSNgdW6HXcSJ9iwWQHe","FycoVfwbJTLZNZToo2e8u2Sd8Zp2op2R8ZmNET5eybsL","2000000000","5dhqq3aoLwFeuE1tax5fpRqBmQFLZ9KSjQincywaXkucKGeSo1QrGwexNTCLZ2hZaphMYU5n6LCiTcBUAyTYxwmp","326107348","2025-03-11 19:00:44+00","raydium","3sud5RrGvG8S1PLoyCtcmh7cDgwUtWfzgUK1CZf5B55i"
"2025-03-11","4yTLZkHtPsuWCdGZy9658RL7YeYqncfnYvtqbmQMpump","DwYVzJaAW683T474NP2nAe7S84cLrbhsUWqCcKko9Lr8","1737628","3xxVsEbskmH56oUFz54NNqRvmoNWt4tkL5f4aYLGhvNidoqmB61Hh2fimSKFc8xwzjSn68xKWsJ6C65h7EcMKqqv","4qoWsy2DGWvGpVYNjAqDbciYEkjQByoR6scaMkYWuCfTvBYBNBurLsHtAK5myZUyTRrCi16Gvuy5bEDVxpxgxjeT","9LCVgbzzj2T3owz4D9cgZwUCqGPipW6Vpo1xFSJfy3M3","400000000","28euNiDKxFwTr9NMkk5NUjFfPTmiPxXJseQFERAYCFJjk6E67m545EVbBY9offchRhEu7RUmCYCo9cZuR85Kkgiq","326107348","2025-03-11 19:00:44+00","raydium","BULxdAEF5q27WQNwsKKHQuSDTKiwWUqLURbpx5EZwtkK"
"2025-03-11","ySDVFEK1iLBjpyLVJnsFQrCUGXcbaRwqihr8iA3pump","DwYVzJaAW683T474NP2nAe7S84cLrbhsUWqCcKko9Lr8","6404953","5d2h7ZXoxXqMxJ2A2TRGKJspkivRV1AgyECnwNn6Lx4qr7bRYynfAJdZ3goqpZDMZrLSXw7LKZhXf6CYXBGwMuiK","452ihBwqbmCXrKCjLs4ufsiQsCQGpyZfddtq9NK1vKYDkBZba1wvoN1EfxVEupm8aAA3Y5Qn8dwXX7sDjfgWbVAC","FhMTWPMuoNbuEyFn1xRzTr4wuVSUhPAow1we9TJcnuiH","1000000000","UVCs62bGa1GythVU2uknh22UqHdAs9UCwkrBGwgXccykjk9s7uUQPQ2as1CfrKCXMUbZ2UhqCCLuHW9SYzSEwgZ","326107348","2025-03-11 19:00:44+00","raydium","7Z9uiYcvPL4Y4zxpuaA3HzJ61PHBcoLZxvUdMZxwn2VA"
"2025-03-11","4taJ4B67sp5Tbe5CaizkVVubS39xqaMRA4TCLYZNpump","DwYVzJaAW683T474NP2nAe7S84cLrbhsUWqCcKko9Lr8","4226413","62BQohkx535viuB6VyRw4kKcEwkhuKNePZjVBLtfy7tcHsxQCPc7syXjDuy6EtvPZKzbYAXh6TWmW1WvcnyVc2q6","2Wti5EQQGqHwLAtQkXD9H9cNEHHeZY7CA5ZMzoy2cXNZjsTTviZuh9Wm7BPsRmP2zVSTc5ZuuaTquiskzJRDUoSn","6kbwsSY4hL6WVadLRLnWV2irkMN2AvFZVAS8McKJmAtJ","247500000","4QqT7Wn5whBp2tPkpTPfypf1bi5Jx7Y384NUodin7rxsWriyH5NuBv88sDpaoj3316LD67wFSsgsSGnyFD5eKWnT","326107348","2025-03-11 19:00:44+00","raydium","5tYJTGNC5G24p6gatu3L5PDZRtrVWaMLqgRmPjz4Qk2Z"
"2025-03-11","AS7TiB2pP3Yk2bic9gnznbiibPzGF56NhvAEb5qSpump","DwYVzJaAW683T474NP2nAe7S84cLrbhsUWqCcKko9Lr8","504506155","2xUciYaFCedngYJtdGXPMkzsD1FFTcK5KSsKTHdhbAb5xXbVh8DAberXqYXfCxa677kWRpgenVwHsq16pXmmFNH1","3AvXFvPeDjcquBMwpRKh5jWmjFFAp8NTp4xr71Xse7bCkTA94SyN59mNaWLnSX5eCec8yrPXcfRqc8feRdAtst6K","C2jzQVi6UanuEuS5xnA4yxVCqJhqyD3ew3nJCXgQyk4g","1549999903","4pejuqnjBbVbmX6fMnux56Pu95iKugWRzjueHUcHhMtSMqeDNDxfgZ9PdE925bpouywdXRRxKWn8SvkcgWS5Noxk","326107348","2025-03-11 19:00:44+00","pump","FUDB4ga8DugCxzM3BQV6KrnCP1zYsJ1okganUghYJe2F"
"2025-03-11","8VY5ZpBQCMM3JdvacEuTAJ1cLUjGzF93nVfbro6Hpump","DwYVzJaAW683T474NP2nAe7S84cLrbhsUWqCcKko9Lr8","861856391","oLpLwMcHAyTJTKHNdqzfJs7zKzoQ36Ssq2oNdRuQwcXbdLunLdpnPtPd8ZTCSU72Hgba4rj7uRbyWeyz3xWw9w9","4LUMmoyj6JjPemgxLHC6GDqfCSypou1x14846YzDQjkkkvKB7HPk5TwuLKoMCMSXWHWUbB4uGtmyYzTEoygEY4og","FJzAzV672gxE17C7hvryfjSw8d5maDr8Y6aqBdkFzn5a","2840083251","5LZsyoAqbeFhj93wVgVu4MjuRkbnnP2bxSq3VsgFPYTS71zYakJEuoHxaCf1FpNEfMbHmf8bMmi5hYjT8UzuomC9","326107348","2025-03-11 19:00:44+00","pump","9axgfgoj1PYWs5SGdy2UqcbCW5UZAtBNpSHh97CCvAr7"
"2025-03-11","4taJ4B67sp5Tbe5CaizkVVubS39xqaMRA4TCLYZNpump","DwYVzJaAW683T474NP2nAe7S84cLrbhsUWqCcKko9Lr8","12979023","5XKSTypRBMr3V5EhDdZ7cJn6FN7zBP6kyZVL4uyB8p8tsZ67AWZvaXWebomg9DvXbpcuAyHvmCGLBz3Ue8pEXkbp","3LdM7oXqXKXXFB5uWiwru1cxgLJJGzi4vb38N84A8iTFokfDCY5tDQjHbzoovLsrBjZqqmpjmxc4DemEGa1RrULB","8qoyeiDRcfkmNqThkyJymVK5CXAvh2sMDBKJ8NDpyKtR","300000000","4aBE5rECXbouTDBy8mHgrPN4DHr2m5hYGg4SNnuB6zH3cge4wXhHSenrG1rpzwG77G5Mwsyg5zRvapU4DqSc41jx","326107349","2025-03-11 19:00:45+00","raydium","5tYJTGNC5G24p6gatu3L5PDZRtrVWaMLqgRmPjz4Qk2Z"
"2025-03-11","4PTqgNJt92W8cWcYKgH6nhs7Qa7Vr5SBA9GbfHUWpump","DwYVzJaAW683T474NP2nAe7S84cLrbhsUWqCcKko9Lr8","150522625","5FkRFtcDswG721mGfCio4tWMsELK2Y3LHEmmLaPcRoESxhDM2hMhGbFZnWbsDzbRtwx1yi3Vqix9upD8QQQV1tB","UiMryhCEa3FQM5jrDZqXVNsVtipwrKSnYcCoawywEQbJ4YS2mN2qV94R8W8jexcqUND84PU6EV5fwEoTFDBaeqr","AFrerQ7HfknqkBS4eEGgwFqz4mwYVmdpkGbWxqhwKjxM","1485000000","2Aq2oZDL3AjNkEsnLNByMjX9bnvG7nA2iTDFpj6HZcA2WsU2DDWyZmqonpWDKBPb8W7Yyr5Q5vG9SWucLnYkQrju","326107349","2025-03-11 19:00:45+00","raydium","GuwYmHQa7UYcVZNyeTWXC5TtfyvDD7Rg1freKzwbX8Co"
"2025-03-11","ySDVFEK1iLBjpyLVJnsFQrCUGXcbaRwqihr8iA3pump","DwYVzJaAW683T474NP2nAe7S84cLrbhsUWqCcKko9Lr8","8179541","28eRTwmD3QVPYgy7DSypkqGM31vUbeLctLTKtMCVNi5yoa3Ba83SsMyPdqApGPNXiqRfkfeBgND5acCVws7WpDXW","47eUGZhMvRdfvMGNB8ctZ7y9P8z4UUqHkqy5GE8ZzrtDVbAUhgzLJcJUiQUQ92UDqPvGVrXovpwe1c3gJep7xq1i","4nUThkgeMaS3QGcTU4kdqoNk9h2AD6Pj4PkFG3YnP1rd","700000000","3uxAqmJe8ppYyRAFzoxJFw4gm5bqEi9BHexfsgFKhbCJjBcFPEbDJQrY722RqDwhqkB4hkYShGSKn6RWtKnu4w85","326107351","2025-03-11 19:00:46+00","raydium","7Z9uiYcvPL4Y4zxpuaA3HzJ61PHBcoLZxvUdMZxwn2VA"
"2025-03-11","xSy6TKRwvUkYjWDmmVwwgDDbHjcy1oRwVrgwXRHpump","GHPCChGqtKf4sFaN1wPPCapcweKXBBngB3hF7D6nT29e","3754402","3p3ic4hKMeAASh79TgGQU9VwvKfrhHewKASS5FuqjH11zbbRKJbuQ8F4bR8pWU7LTJanHWiaWuauy98qW6pwv4Z","33kZPN55DK7kAwc8wVXEwn9jbiUQ7NZo2w7qdPHWQRZEHCignvKTccsqsCYtMJvp6n7EDnfUunWWnPviqWzkR56B","GZpe8aPWm2j2VMb9rSc86Tkot4PgLj5pmdniSKsCmv4b","200000000","RJFcPCmLUn2EoaeJrrZ3fdjfneYgjBSsmUNa4Saav1xCLPVsnc6PRL5Yn5vhAKv1D1Y2Mfrp3qsLsapMKpXXewh","326107351","2025-03-11 19:00:46+00","raydium","BfFD2DxfM6sb3MMxThsCJAynUNE6CVVfYu534B7thBaW"
"2025-03-11","xSy6TKRwvUkYjWDmmVwwgDDbHjcy1oRwVrgwXRHpump","DwYVzJaAW683T474NP2nAe7S84cLrbhsUWqCcKko9Lr8","13559150","5JpkKjoEbMnk2VJBbtAp4Xf9dVWhpC2mox8MGVrJZ3gmjAqFy92XQ3tckGqojEm7g7pQnFBrtATNfhBPKqRm8aeb","42UQVsCfzDtUYfRBzC2RBU43ZmH6iVFT4dXsK51LX9vVw5xyC4GtYjYYpQoRJ9LD6wqfSKWLhaDhR97hxhoAXTNX","BVnqUcPomTSCftj9bi1kXUNYoXJFFSz8Qtcto3XA8G1g","495000000","4b18e6nerHsaE568qRhXCriLJL3cBbCiYBF8nRcPRrntGUiEGgFK9QtuK2Rye2uKhjhimovSqU4it2zsvcjaaisu","326107351","2025-03-11 19:00:46+00","raydium","BfFD2DxfM6sb3MMxThsCJAynUNE6CVVfYu534B7thBaW"
"2025-03-11","8Azht4Gmh2ZeHBZDx8p9yfZNzHRe5q2jtvdTpzpapump","DodsHBQYsYqnfMv3z7jLTyiXvR2pRsVVEf2TrFjhmzun","216935664","5j7WNSytPj3BCLvtSkQUYgjjWAfGtuLgt6qx1RttGB4AtPcjYaoCyy4KdWzVTRJ6yoUWby2mgC1ae9j74vToJfF2","2xyPY76UXPX73SWtk5NaNQofBuB4j2zeTGhwUzdj7XGtT9DithTR1EGagRP2y5DwDSE1sKyEtsiv21PcfkKLxKfQ","EqyrNchjUikr8BCasXX6oEQjaf5oEr8poDgPZVNvo1zK","1829203911","5Xm1sEVD3dWdddxsbtrUCCfEPaoDWLJ8AY3aTbvvN8diMBW9oEP6gsNxWTq67fB3TqvNNsrdMjy28gwSpdv5jmwd","326107396","2025-03-11 19:01:04+00","raydium","AwVNdBSZ8bbmhAspF7ephpuHJQUt2qzcJ6Udm8ocxJki"
"2025-03-11","8Azht4Gmh2ZeHBZDx8p9yfZNzHRe5q2jtvdTpzpapump","9UeCPZGbN3sZ64RQDzoGDWVpMHfAQsNtCwMfqt1sjefW","53022488","5rAvACb6kGTptvC6TQYfuTCVUR3gAaPywhCbpbAjJRRZBDEwj16pLqJCVUocr3RN2bfViHLQwtzbNtDN2xEEfLvw","4NSjyCH1Fhai73h6psWriJdY8o2VSFEouPKg3rZZsFxU29qJKmeZTdg6dnawUfEtMqeku9k5rCddnri8Xr3N9aV1","2k63tiTiN2x37Lqdshj5Re7WDKZGZWkgPUjLFvHHCftx","990000000","5garJFUCuSakdfuP1RM5Fy6fgsuE5G4wRazzSQb7wDK2AYGjngpm8ForpMQT3chtwmLohjfTTN6XV6xnHGW6e2XX","326107404","2025-03-11 19:01:06+00","raydium","AwVNdBSZ8bbmhAspF7ephpuHJQUt2qzcJ6Udm8ocxJki"
"2025-03-11","J9Q4arkQQpfSkgGjhECad3H6Mxm5SdeL9RvSr4Vspump","ChHeRaA2XqmpULSvB7JUerf93UXSzyYErh4oEezuFSKi","107704494","29g6FAq4Eezvy7AwQWYwkQkcVnkELgNDxVxzKiFrW8kuynbEBowUNAhwpQhysUpsLskmwdxZ1i5WRcBoAWrG7CUS","3RuwXXHP5tGBE6ELV9bHzmDVDWv8MvGviuHmuf77xvvW9YmBKkK3My3zLoGmW9vqyZzdmHeTqw6EsC28HK92pcvs","GcjG85qmDVt36vKJjf6XzxxQVNf9FxiEXFR4XD8hfKYu","2181300000","3mEudnBgq3HCyMBikpAWJxw9sQfMHZAzh6mxFQoX5hpE7GSJ3Lbuaxyx6ipUACer19xzdA19dRmjJAVWSQNfFJCz","326107408","2025-03-11 19:01:08+00","raydium","HJsAEavUxfFjGBVd5wSX7QJ3UwgcrTkTw7gZaqjsuMYm"
"2025-03-11","4taJ4B67sp5Tbe5CaizkVVubS39xqaMRA4TCLYZNpump","72XXSDRHGvn4ziSSer8hsEc3YDCQxQLRXp8zWCFQYeEX","40390451","3pmaFTegz86ysGQ3oLQX3WVxgE2JXJbZxDFEam2jLoez29MexvoJsLnKKY9N2AGSPxJ4GviCQ25beXgxnZByhAB1","2HeXjrRkYAwRXU8g264RrkQrZXnky6W4d1U6HLQrZVZusrq9mwWXvfw8aSqEmZYE8UTmjz9cn87ysCuhmQZEgEek","9RqvgM4RgkF8fbTemnZZzmGvzCRWpCUnibXfcF74Vghp","500000000","3f4WKsJCJv2vxFjXb6exMkBWgQxKfFaUV2ExisGsw9N97LJHq8E4qkkSCMseQVtsNrthNs5a1sFLV1E7o3GrRxW4","326107410","2025-03-11 19:01:08+00","raydium","5tYJTGNC5G24p6gatu3L5PDZRtrVWaMLqgRmPjz4Qk2Z"
"2025-03-11","4taJ4B67sp5Tbe5CaizkVVubS39xqaMRA4TCLYZNpump","94yBbKYtK8vdbESy4feBV31wpbeXUKo3ozaHFHFgGu3A","45204327","3EyCVy2eH5RsRhAvvoWkbMEhiXtJoAy7BWgQG1QqmrVSvBZfujPpyy4hQyEiYFCXsznfjpGUBopXExKyz9BzarHK","Pp5Ptz9KbixQPnpXNZ9jfZcChJow7wV3z9eoKL1sbDJ9ePYtiW7YCrcCkfsA4CCQDqmcyH5t4nocF5kmt56h2EZ","3DjkkWVPLTKw8XGrcPJLjQhBwKdbA62f4Cp6fvQ29Agx","990000000","5kNjJp4MK9NLgyf8LNkESnEgnAQBkjpkFGeti2WULWoEz2pzhBYyNTpCAS3UQAJrBiPr9yUJDu1Gu9Ed4RFZqdw4","326107412","2025-03-11 19:01:09+00","raydium","5tYJTGNC5G24p6gatu3L5PDZRtrVWaMLqgRmPjz4Qk2Z"
"2025-03-11","HW7kUwQezw691rB4qwm2V3YBjvY2FGh1jcQafHbKpump","EXCvMQrbJDgppjrugERD1WTLn8Bbg7o9en8CcgSJVFg","556617275","8bGJs9p3ETvGaDjHz7Rtbfe1Z4JotHo9W1Nzu1oe4bn1c1dSyBUJUUGoTdVamN5gXhWdqVqZuNNFfabx7UUd6UA","8wzX3SuR4zc3AGB8wWBLsWJXnBhU8gJ9GBijbeFa7ARE8Dm5qP38B5rtLcKvJTbjs2nSP32HW9QCrzxxGVHwfoM","AUuuxHnrCVz98vAjs8Q9B6dXKgUiw6Wruty9FooUJ2N5","4500000000","4tV4FwhZ7FY2N7JX26Jq9roGudrxW6GefeUgZZkDPQ6WJ3FmqYLbBDwgwHgAsiNHhNkUdtDt2YmZLB2m9732Y9nF","326107440","2025-03-11 19:01:21+00","pump","AegVh9r85LAxXiP5DDZsVL4Pvp4GtvLy7mjKYavftNra"
"2025-03-11","2HHgCLfKA5Rd1Fn9xAxfYzS3XoR5NnuxKDYz2EmWpump","4vJfp62jEzcYFnQ11oBJDgj6ZFrdEwcBBpoadNTpEWys","39721694","3WHHTtM5AS2uNyEK878wtHadWJiSvA6LWFESAN3DSe77HLfUhvgkCLcNVpb6J3mjYqGo65gPdmnSgnZJNxKTsk1H","3gttyAvWKndZzF2senv9Q39xnTwXHJbG6dy1jVyp85Gk5jND28XtAc6tF7bf5F8B1HTK74mQuFepDz8qvs6jTUwq","DsGrWsMPZpUuHx2toGBKnwQPKRjkaq7JpMAJEa3DAxtU","4957500000","4NPdptbdEj3WMCe2C9cNd52cidXnbdg8qfTWBY7WggMH5aToFWxoxns74xa3T39quufh3SC6Ypa8r1CGPXMrBjLw","326107453","2025-03-11 19:01:26+00","raydium","GmQTt7Q7DLKjWJMxbA4CrDbGGFVMRMmech7uaJdeTpYV"
"2025-03-11","QFp94pu1bbUq3o2Qz1PhH8SmZVtRQ9Y2LSxeadYpump","4f4NnssixzRCuy79DCZxDr26YMbR6mtJZDg265QqgUKi","153569699","5YDwNxWFq5xnaGk2fiQz6tdrg9QrtTT7zPdRHeQUxFBKUiwtyr15UTjpFNFud3PL2yJzwq8RQwB6wXGyzCZn8YoK","63PRATozMDAWkuAerhqvZ5xX6P1ghDxanzwrjcmqYThoyoSrK3y72kv8CVMMgNDxuRdY1Nqbn47n7kk7XtxqYg3Z","68PW6roKHf31wXTJvgxS99uNM1MAQmi3CHJzkVMRKFUL","2974500000","5E2RRn7zZaBRGWiKyvMuYpuMn9FBwankRzh6uT4SLDLDBFSeHpDPHEHAziGfg3eyVp2LbR3d9FXMUhda518eSqxt","326107456","2025-03-11 19:01:27+00","raydium","3GVet15nL7ftgKsxpQVVSdgVtc2weZ1jkje58K5pM7dY"
"2025-03-11","4taJ4B67sp5Tbe5CaizkVVubS39xqaMRA4TCLYZNpump","D4zVhwuUsFbcaty7wJhNEZ7VEwPHXQ5d2heXPxM5yWhL","9643678","3AHsh4UVQYK2WNDoD1ngH5fkoJbSGRoFH3485DLaUtTWbx5biPeeantfB4bQ4iKUHPxHkex5HSt6TRoGde3hAtsY","5RKAULVmtdVkrYFzYuDRT5sBebeB5J8Wr14a7gS4zXh32F3f1khHYzCCL1HgVDjZzT6yyJ4g83NnuwvL92E3L55Y","3TY8fP3oKKci7wWnYqAULbNe7r7EWfzzLA1sgTqSYruv","459887633","9ydokUSLFhvRNVS6yTFjReik82eQtgHuPbCdL6iqyr4nfeZ7SWq1eL6PqbekApyTjkfFeWbRD3nNQV4dqv8Yqbt","326107461","2025-03-11 19:01:29+00","raydium","5tYJTGNC5G24p6gatu3L5PDZRtrVWaMLqgRmPjz4Qk2Z"
"2025-03-11","7W3PQ4C7cTVaCsTbzDH2jDp4rzVdJTrxZ638SGqoXArh","4vJfp62jEzcYFnQ11oBJDgj6ZFrdEwcBBpoadNTpEWys","168165409","2qbsWeRuNvXJ7TTduJKy8E1FmCjPkvvTreyjmk7iiygvSVGQ4nAjxoUvgsGYe3BcgZkRfaESkgsmyXe5ja4ZdmPN","4ELdGs8ue9BCKytmgfUtkyxwRk4W4YwGVHoyHbtU1yhZwGRnyryaCfjCSZAqWQCPFMPRAzwQ44gb5xTc2KGTrTpP","CjTER3DcQ8KhwCeiBRvfb3e2uwzQYqSrFwTzKXzffQJZ","168555000","2k59Y7hjxMSjq8mXBQLN3mpE3VqPrtFztEpTRyWpYtfsk6Utpj3WxwkV13qQrxuNcuxMQAAq9F6jj6nJMfMUtrRA","326107521","2025-03-11 19:01:53+00","raydium","HB81mrPeCHppT4fH7Ae1raKAvQ4fMEr4r4jjjYhT6yJr"
"2025-03-11","9XtVcrcuCRpVMh8uYj4mQpbNr1dKxGmwdN4y22ZGpump","77EQWbL5SpAgZmYT3g6UHYk7spXDgfnuE2Xeih1c4R9X","117403623","5AWnfruDjLZAHMPxFF71kddCvQVecjx3HFn87C4PnQWfmfJJ8YZaosoQZsVeL87wPBv9nDJqCS2rzrex3tCFCPWn","5ajyBkDrKp37rAsyfaubkop2iD4VPtHG3hmKy5y2EEkmoHQr7g2975MgeMkkaXxtdwh4NdanqtNfA2edKG8Ja8tZ","7wNMwr2K1c8yT9pZNvPk149iuUBZUsuZ2WtsAWFowG9p","2100000000","4D9mYNFCGahYP2UeKzkgTEkhKmxG1KqJSZBVv3zezY9sXo4xtZhu3W1JcqkBRpTK3d5amCqZUfNdA9QMb9kEzdwZ","326107558","2025-03-11 19:02:08+00","raydium","2fEEjo2YGC1riA9BuH4iRiFLDMcgzMjbZ9Sbg4xKgCJM"
"2025-03-11","EJnDmtFh2VUR6KufJuuWnS4Nb2Rc1wyW7Xz1TFuQKrMc","FBsNGYU9qqfrJn14mhhS8mhGtZc5QSzUGqr4g724uA1y","115804117","T4hXQ3xqJvKnBxJdgtN6AHRCdp2yBs1WCdVZkhrTWm3WEGvF6fzVPbz6dcmnR5vRKzCMfVUK8q56rduNShxgaTr","JM79HBpHktJaBACTVEAFmaiMyV1d1i1biNuRDzkV7qb7hqYL2kzzfvZ3zPv6wHQ2n3Z6oAiijk3KKrsDyyHYwxT","A1mmPSJKUhqToCiqrgYhxZ2ipFLz5ZbuGK1sRb6JXJ71","1000000000","h8LLkLYYgcUrMT69FeKmAQg342cSdMxuRLecUq6HPcCCpgDtVY29LzGTCZ6mFRBtTWC9d6462N9XMAeLnSDU9oV","326107561","2025-03-11 19:02:09+00","raydium","F6SGYb7d5UZPJ1zTwn9tvJzfxsQqGPGUq1YMjT9rHJHw"
"2025-03-11","EJnDmtFh2VUR6KufJuuWnS4Nb2Rc1wyW7Xz1TFuQKrMc","6MfondxaNmeA1LVzFkMbriXkYAQU9PpppQrQY7FnH94A","74411411","4jLWFamA24CUyMT4yiVsM67iphLAL3qjn7yrWUGoxVT2LzZF6s5hCWkgyPV149fR2WS231M5LMWzmHxYcNmrqNZB","66ixgkajLWQA8FxkGpPDx2vNYJ2KBN2dte3pfr6ozaMc2BnFsBqwpy2vYYjJC5pqLU7agZoZLYkdePikSP9Ts2sV","GtzqtJ4jjQAJVVh6V6sQdtZP5gwYQSYdqVo1tdGCnC4g","777971281","kZQXhSe1grWoqKD248uGBPaDLQU6d4VjwBQ2LbuYavTirVqVHPFgbeoGwrw3xsDphWTnzmEgtRPFfM7sdkxjNKe","326107561","2025-03-11 19:02:09+00","raydium","F6SGYb7d5UZPJ1zTwn9tvJzfxsQqGPGUq1YMjT9rHJHw"
"2025-03-11","9XtVcrcuCRpVMh8uYj4mQpbNr1dKxGmwdN4y22ZGpump","CQTW99iCccWKiq2SyPj23Wdb3QyX2ibdG7RtfiAuBkm6","109821966","VFb6c7Nc5KJ6VBD2ZF94TCJxYqiDSURTXJNCvFu8ecDdT11jyaf2jo9Vqvc9B1i73xSNyRjVfDtHVwjCBXXg9UH","5xQx5NKj1Aus7hpA5nLt2pXkWD6pUWPCqzwxVfJxYLN29RKYGeHmdXtPJAx5FAsQqgYMQ6ZijKH4p6hEp1L2oP2S","DXFhGWCV8koeRLJNLKX6x2vqDnZDTSWfj8LmFu3woP2w","990000000","24q8mgx6MPaLzwYDmJZR1brRFoVjdDoZ64dk3j63ght4NWpH6C6EjsMArFgV92VzCRmu9SBtQQUswKTM6aiXHjBS","326107565","2025-03-11 19:02:10+00","raydium","2fEEjo2YGC1riA9BuH4iRiFLDMcgzMjbZ9Sbg4xKgCJM"
"2025-03-11","HEV8JPybpUrVTPWm6CvgYinMUxXdVgd3ULqw37DJpump","C65pcPN7nCRv9fAWsbbri6b95QXvyVLJ1MntDj6v3idu","72875393","5fkZP7dhsuQ2H7WzkZBHe6uePPvcz3BDPhcABo4ZWegFApScDA12ZynzTseCCCCPwBJXdkaQEcCKoXHFsAKoZxXb","3nbKTYxBDRG63QGRbuFohTcFtgBTr8PN2TcZ3Hg4Hptj7wBmL2DHerU94xdpq1sQzi7TbYHZse8tKYWcGw4Rc4yG","BRLuZ2QqgricfHPZp9EheneA5hVCQKZyyRFdk8q28QkM","1000000000","4t6f81Nsz4ckQRFK4sJBduwxcFpUmTjzu6u2pfJ6s98P2s8SNTdMG4PzqaGqfo9T6ZZtH9gnVQBXKQEbEN97j8Qk","326107580","2025-03-11 19:02:16+00","raydium","AWJM5qCx4RKF7hLKuKkqKtz6XSdKP1mMuozUAb3VdFFz"
"2025-03-11","bwCs4bAMoExahc8Np2rxufxfrGai2Jb3mwkMqxkpump","4vJfp62jEzcYFnQ11oBJDgj6ZFrdEwcBBpoadNTpEWys","44089980","a1YRA2suVp4uVu32LTFANr9qkBi81NAbRJrmJhBJ3hTrSuibv1y6NjPW63gYXD5VMbjQ1N4Rk3o8WTknAfkQUwx","2yqAwNoW9QFMYpRpCxDNGgYe7gpN3ivoT8C9pwakvB1iZMCAskgfRiykNCt89shsqHjgqTHFsnyaDPgLt3fMT8EE","71rJz13htLuT3Sg3mPDrXVMxAwUm2oiLg481XfkUxBxc","4441920000","3E3JaJSBbqiJ2iGWgrwuanUDitSawfCYWa9cZusXKWAbLHjC1nCMdnNNEFyVALjGbgiyE3ayYfQLZXQ4a1vVDgwL","326107616","2025-03-11 19:02:30+00","raydium","5zf4J2N2RGtUai7unfWEp45RqzeDW2QncRvtXqaaXUSc"
"2025-03-11","BRhzYaqnXtH2RBoFZEGKeQhAsPdEir5W5VFYT1ZBpump","GHPCChGqtKf4sFaN1wPPCapcweKXBBngB3hF7D6nT29e","21825148","5Aw1AqqfhgbGBfDiwTr5AL9rP2sYYxBixQxu1tiBVGSMGVeiBttx5hPJebLpa7T5DefvBYZbNrRQhQ2WKFueSjJG","4wRzBjKdbJAEn1pkVXsqZTwgfoTp3xmkuvLnMi2yfTp2oK4rb2rkasu5VD6gcs755eb31YNVA4vuLH3ah9inLfQH","4WvnPR6PRUEmzNjuh8ygJQgwLuShpM3cRhPouZZwH8Vj","500000000","5FNVfoQn9W56taxEyNyU4xcXin3CmcRvwetY4hocn3ya9hQELvKjun8bkgHWaUqHL5W2QFPpvyEqgCgWL65RQunv","326107620","2025-03-11 19:02:32+00","raydium","2bN1swj85uoJ8GvNozNjFqsQrww8qdTsD2DeVwArzvDg"
